日期,部门,地区,销售额,成本,员工数量,客户满意度,利润
2023-11-24,财务部,华南,57450.71229516849,43993.55436586002,48,81.7590419047003,13457.157929308465
2023-02-27,市场部,华西,47926.03548243223,39246.336829127686,47,75.28311742697157,8679.698653304542
2023-01-13,市场部,华中,59715.32807151039,30596.30369920174,50,72.75602693703854,29119.02437230865
2023-05-21,技术部,华北,72845.44784612038,23530.63222294426,37,96.29561316158401,49314.815623176124
2023-05-06,市场部,华中,46487.69937914996,36982.233136135896,57,81.54716903913094,9505.466243014067
2023-04-25,销售部,华东,46487.945645762295,33934.853854217494,34,80.54395572271532,12553.0917915448
2023-03-13,销售部,华西,73688.19223261088,38951.932200277326,48,91.04714412094349,34736.26003233355
2023-02-22,市场部,华南,61511.52093729363,36351.718016819694,44,91.40058519591273,25159.802920473936
2023-12-13,技术部,华南,42957.88421097572,40495.527153193354,48,93.1403698359631,2462.357057782363
2023-10-07,财务部,华西,58138.40065378947,24647.64788439432,46,74.97131442840276,33490.75276939515
2023-02-14,财务部,华北,43048.734607813065,43173.94065634326,44,87.67546950658885,-125.20604853019177
2023-10-30,技术部,华中,43014.05369644615,31975.996046923996,47,84.58275319568128,11038.057649522154
2023-08-05,人事部,华东,53629.43407349051,50752.608726252656,50,81.99250653884997,2876.8253472378565
2023-01-17,销售部,华中,21300.79633013303,23108.121819104323,52,68.16998256675986,-1807.3254889712916
2023-01-16,人事部,华南,24126.23251230451,47359.63803165249,37,77.92041304545926,-23233.40551934798
2023-02-17,技术部,华西,41565.68706138541,31979.107834626477,44,88.74135787074945,9586.579226758935
2023-04-22,人事部,华南,34807.53319498364,23485.819963855516,57,98.49740759029672,11321.713231128124
2023-04-30,技术部,华南,54713.709988929106,25161.141659456785,51,80.21227502626046,29552.56832947232
2023-09-16,财务部,华东,36379.638867181835,26796.5269180568,41,91.94130637643484,9583.111949125036
2023-11-05,财务部,华北,28815.44447997063,34241.65946401916,45,86.10554871681401,-5426.214984048533
2023-01-14,人事部,华北,71984.7315338233,35228.35488035499,45,85.36440818294602,36756.37665346831
2023-10-15,人事部,华东,46613.355492701965,24262.99996061421,53,73.11697462016046,22350.355532087757
2023-04-12,销售部,华西,51012.92307031886,29756.45407739017,55,73.67374929823204,21256.468992928687
2023-11-29,财务部,华中,28628.77720679815,51422.70358611864,34,78.8324758933602,-22793.92637932049
2023-12-26,销售部,华西,41834.25913212226,47275.43170100711,54,82.9573930067095,-5441.172568884853
2023-10-07,人事部,华中,51663.83884564799,34363.23669674032,58,67.94023607436996,17300.602148907667
2023-08-03,技术部,华北,32735.09633866546,30380.034781682003,44,71.54804465236597,2355.0615569834554
2023-04-23,财务部,华南,55635.47027518508,31200.313267182613,46,98.06678286525499,24435.157008002465
2023-08-18,技术部,华南,40990.419651217926,36135.17972730417,47,94.37650653820604,4855.239923913759
2023-10-29,销售部,华西,45624.593753100846,19772.074348015944,58,54.47739493713255,25852.519405084902
2023-05-23,销售部,华东,40974.40081655905,27426.23462576655,49,65.62473055711492,13548.1661907925
2023-01-04,市场部,华中,77784.17276763407,13314.159261224104,38,71.53308059534021,64470.01350640996
2023-03-23,财务部,华南,49797.541628930994,33992.23122605279,50,85.82109923597389,15805.310402878204
2023-12-24,财务部,华西,34134.3360656615,36471.95939702741,53,76.62274670771994,-2337.6233313659104
2023-08-05,销售部,华东,62338.173681547836,25168.13537700626,55,70.61751327013995,37170.03830454158
2023-06-24,技术部,华北,31687.345250434668,45739.86763290033,66,70.888118231323,-14052.52238246566
2023-05-23,财务部,华东,53132.95392507133,17742.34336997659,46,73.05306009529751,35390.61055509474
2023-03-21,销售部,华北,20604.948141803365,15356.251197901798,56,87.90281842432533,5248.696943901567
2023-04-21,市场部,华西,30077.209266523543,32244.51818559972,34,80.25059307184799,-2167.3089190761784
2023-06-22,人事部,华东,52952.91853803685,40470.98302612155,67,55.393826460779806,12481.935511915304
2023-02-22,财务部,华西,61076.99869993116,46839.27691457869,49,80.81576442093596,14237.72178535247
2023-02-17,人事部,华北,52570.524217849554,25411.1573713106,43,81.5985302809914,27159.366846538953
2023-07-14,技术部,华南,48265.27576417639,40786.808334312955,47,99.3571567851676,7478.4674298634345
2023-02-19,市场部,华南,45483.444566160666,29614.915304992926,56,86.80541034522786,15868.52926116774
2023-07-03,财务部,华北,27822.17014448859,28273.727000591804,57,74.22657084441072,-451.55685610321234
2023-06-26,人事部,华中,39202.33687407937,38836.599374866724,43,89.892367239504,365.73749921264243
2023-11-06,人事部,华中,43090.41843560319,36523.2287841342,49,76.81642913472557,6567.189651468994
2023-05-16,销售部,华南,65856.83339328374,14236.078430157506,44,82.35510908080886,51620.75496312624
2023-01-23,人事部,华南,55154.27434352692,44765.40349725896,52,84.33896837114173,10388.870846267964
2023-08-24,技术部,华东,23554.39766955899,43800.91354147452,41,82.87048693055614,-20246.515871915526
2023-10-02,人事部,华东,54861.25954092192,23744.372984904705,55,84.28923047854171,31116.886556017216
2023-03-05,技术部,华南,44223.76579375525,33958.03533437409,53,58.42934280593529,10265.730459381157
2023-07-13,技术部,华中,39846.169995410615,34940.301862827386,55,73.62115752892461,4905.868132583229
2023-02-10,销售部,华东,59175.14433261302,32606.73765823907,60,84.66994472282472,26568.406674373946
2023-10-10,市场部,华北,65464.99283743926,24496.9484615458,47,58.25823708731076,40968.04437589346
2023-05-31,技术部,华东,63969.20178674298,23283.766320619485,40,46.67230522728777,40685.4354661235
2023-11-18,人事部,华东,37411.73715166042,29744.459290085546,45,69.90123263684086,7667.277861574872
2023-11-13,人事部,华东,45361.81436223178,41727.290192593646,46,92.7945586913813,3634.5241696381345
2023-07-05,技术部,华西,54968.95147105346,35436.001545944324,40,76.30473253597614,19532.949925109133
2023-10-23,人事部,华北,64633.17690683539,26293.85667913894,50,66.797169519331,38339.32022769645
2023-04-09,财务部,华南,42812.38643232065,37716.987106483444,51,94.13087321027301,5095.399325837207
2023-12-27,销售部,华中,47215.115350042746,1514.5737936992446,54,58.24776225777575,45700.5415563435
2023-02-05,人事部,华中,33404.97538990958,41487.65700372103,56,88.76746194057324,-8082.681613811452
2023-01-24,销售部,华南,32056.90063878994,12602.862212219003,40,76.89245326462958,19454.038426570936
2023-12-05,技术部,华西,62187.88733591297,26375.59058596868,56,54.43042714095676,35812.29674994429
2023-04-27,技术部,华中,70343.60042856235,18803.301053738563,40,82.95570315961339,51540.299374823786
2023-05-29,技术部,华东,48919.848176294996,17053.18524279094,56,77.9637384142982,31866.662933504056
2023-02-10,销售部,华中,65052.99346838036,41608.2678737852,47,77.67313661576476,23444.725594595162
2023-04-30,人事部,华北,55424.54037571451,25322.987986881086,58,84.983268533251,30101.552388833425
2023-02-21,财务部,华北,40323.203680923136,33465.038817307155,61,79.23957252578596,6858.164863615981
2023-07-14,销售部,华南,55420.934082626205,29530.79421120816,56,88.04918606865996,25890.139871418047
2023-05-23,财务部,华西,73070.54849698953,34770.408272231216,48,76.86960311258922,38300.14022475832
2023-08-21,人事部,华西,49462.60941335073,30768.218910602554,36,97.23404834935224,18694.390502748174
2023-11-22,人事部,华中,73469.6548372101,17170.077758114305,44,75.97270515906997,56299.57707909579
2023-07-06,销售部,华西,10703.823438653832,39962.6681944714,55,90.02271275755223,-29258.84475581757
2023-03-25,市场部,华西,62328.53756562836,25062.434168386877,69,89.13972303719937,37266.10339724148
2023-07-09,财务部,华中,51305.706023572566,14434.181013402489,47,76.50010371882348,36871.52501017008
2023-07-01,技术部,华北,45514.88974301199,25718.848390340874,43,69.12972927986021,19796.041352671116
2023-04-18,财务部,华东,51376.41164803253,45007.59790634311,52,92.2161295161208,6368.813741689424
2023-12-10,人事部,华南,20186.46628098661,38502.21742113493,52,90.08649024177771,-18315.751140148317
2023-05-17,人事部,华北,46704.92168243732,26513.478655921408,57,78.48009814363364,20191.443026515914
2023-12-26,销售部,华西,55356.6885726762,26507.422956815713,48,91.6563064138008,28849.265615860484
2023-12-16,市场部,华西,72168.41067112274,26783.649487826173,45,88.57276249606521,45384.76118329656
2023-11-28,技术部,华中,42225.94672589529,50767.47983560841,62,74.6814011927166,-8541.53310971312
2023-02-06,财务部,华南,37872.595956602185,33819.35452231553,49,80.5492334544214,4053.241434286654
2023-11-08,市场部,华东,42473.64434623195,34300.4164719107,54,81.27838529384098,8173.227874321252
2023-11-22,技术部,华中,63731.03176553111,40302.83454031842,41,71.51988633718862,23428.197225212687
2023-03-29,人事部,华中,54931.266644895266,32387.891590265135,53,81.5413706332404,22543.37505463013
2023-10-01,人事部,华东,42053.59694349442,27409.57854179297,51,93.11518166968116,14644.01840170145
2023-05-06,销售部,华东,57699.01149670034,28036.501509150217,50,89.04066147756554,29662.509987550122
2023-03-25,销售部,华西,51456.16324022061,29283.98740585936,37,99.66880172614961,22172.17583436125
2023-08-25,财务部,华中,64529.674857993334,29627.777634901584,57,86.76953619330875,34901.89722309175
2023-07-14,市场部,华北,39469.203591839716,37276.2954363698,51,97.7322106528419,2192.908155469915
2023-05-19,市场部,华北,45085.067801033474,30519.458858072994,33,75.73901664897426,14565.60894296048
2023-11-24,技术部,华中,44118.377703017635,37326.400772155794,49,92.62009978041522,6791.9769308618415
2023-12-19,财务部,华东,28047.275778018222,29192.834198914177,59,97.12992301422787,-1145.5584208959554
2023-10-13,销售部,华南,54441.80415596864,30786.351903160907,68,67.41618562006427,23655.452252807732
2023-04-23,财务部,华东,53915.82908269834,10017.993154678923,51,86.13040288594524,43897.83592801942
2023-12-17,人事部,华东,50076.70184963691,39163.276747024815,49,49.92125929702255,10913.425102612098
2023-06-16,销售部,华南,46481.1929993728,33464.884758979926,37,87.97641000360242,13016.308240392871
2023-01-29,市场部,华东,28769.438869243786,39980.101098596526,56,88.80484771047986,-11210.66222935274
2023-04-28,销售部,华南,43690.320158519615,1037.446218063109,49,69.15780995568994,42652.873940456506
2023-01-17,人事部,华中,44859.282252098456,50883.74704780728,44,70.05126533334406,-6024.464795708824
2023-06-11,销售部,华南,37965.84096167571,28604.103718448263,53,80.61698179824292,9361.73724322745
2023-07-25,市场部,华北,47580.71432500986,41081.82816737516,51,87.5486864795274,6498.886157634697
2023-05-18,人事部,华南,56060.762852218075,19600.940728744692,50,65.69556763226636,36459.82212347338
2023-02-03,技术部,华东,78292.78851815795,36127.7390506257,63,76.87956904399222,42165.04946753225
2023-04-19,财务部,华中,52618.66719247759,19465.84436826344,53,69.12483798403105,33152.82282421415
2023-10-18,技术部,华南,53863.25586084147,23762.31039304195,46,97.19489874302538,30100.94546779952
2023-06-11,人事部,华东,48883.311263507494,49140.31353866786,55,82.38265450174697,-257.0022751603683
2023-04-19,人事部,华南,21218.431770514377,28093.175992366534,48,70.45613328442357,-6874.744221852157
2023-12-02,人事部,华中,49602.291868261746,32174.328731797228,50,90.34035802207602,17427.963136464517
2023-09-13,市场部,华中,50903.4531491154,38700.67730688754,40,77.24539327715337,12202.775842227857
2023-07-22,人事部,华北,86948.6316872793,34956.818879726045,48,94.35353794765292,51991.81280755325
2023-11-26,财务部,华中,47114.58552828316,31504.189051435766,56,65.38913194916536,15610.396476847396
2023-08-23,市场部,华东,54523.210135004185,33649.61002466225,48,85.7738027904251,20873.600110341933
2023-03-15,人事部,华中,49479.32345442135,54034.155852382755,52,89.03539431693488,-4554.832397961407
2023-05-16,市场部,华中,32469.82943570702,29423.812029664146,56,90.90868794900587,3046.0174060428726
2023-03-13,财务部,华东,67142.34221772531,32010.990467149673,51,85.13511277915774,35131.35175057563
2023-05-07,财务部,华东,61278.99549030161,40506.54396007612,53,76.01263504129376,20772.451530225495
2023-10-15,市场部,华中,61865.47920564571,41055.259329579836,39,85.21595091259037,20810.219876065872
2023-10-03,销售部,华中,36359.18817807891,41870.3030556038,44,64.1135095803172,-5511.114877524888
2023-05-15,技术部,华南,71041.91466404148,36387.302220291844,31,83.34766901375431,34654.61244374964
2023-10-27,人事部,华中,28972.234058115788,18569.950872695164,59,79.39120336962827,10402.283185420623
2023-08-08,技术部,华北,58802.85640700405,46334.31532301096,66,67.51905238047435,12468.541083993092
2023-10-26,财务部,华北,82856.83438714968,18536.54606981312,49,97.25120584691133,64320.288317336555
2023-07-24,技术部,华北,35141.955123039676,33026.354652390335,50,54.65366901918494,2115.6004706493404
2023-07-05,销售部,华北,41505.53405595842,22457.24149980642,45,87.12524442474093,19048.292556152002
2023-04-23,技术部,华中,51494.77047631462,29358.616534070075,60,95.81216944380178,22136.153942244542
2023-03-12,技术部,华南,42447.86518825701,33287.6241030348,56,77.64925442850357,9160.24108522221
2023-09-18,财务部,华东,26740.04853400801,33213.57215450273,50,79.37555584790242,-6473.523620494725
2023-09-10,财务部,华中,51028.44462209041,34219.207542352844,52,82.56682215470319,16809.237079737562
2023-02-16,人事部,华西,34065.44429410843,46137.11269058647,46,91.42762324319143,-12071.668396478046
2023-01-25,市场部,华中,57103.88645952773,34535.3430151398,43,96.54562573902079,22568.543444387928
2023-02-26,人事部,华北,36208.63648649295,27558.433647093512,50,65.39494497582892,8650.202839399437
2023-03-20,财务部,华西,73249.01607526309,39640.871682883575,46,98.99866451824832,33608.144392379516
2023-11-18,人事部,华中,38251.20061495644,41894.70488924641,56,88.75714122415103,-3643.5042742899677
2023-03-23,技术部,华南,45169.07725691487,17723.921848630074,51,89.0985728937636,27445.155408284794
2023-12-15,技术部,华南,62202.758260545044,35974.00069849858,48,77.99635712544114,26228.757562046463
2023-08-05,财务部,华西,31537.03525349067,37011.72742310898,41,81.59372526612194,-5474.692169618313
2023-11-02,财务部,华东,53411.899019061944,27024.36496640008,50,89.29530859969962,26387.534052661864
2023-02-02,人事部,华西,69607.14131423642,43757.06813311619,46,60.29984963246105,25850.073181120228
2023-07-17,人事部,华南,25887.75148158159,28499.44412967473,44,81.65336997757106,-2611.6926480931434
2023-07-15,技术部,华西,52769.507877984564,31255.76453471542,44,87.9609178767216,21513.743343269143
2023-11-02,市场部,华北,53898.24191372635,28269.281757161305,55,80.61386184565812,25628.960156565045
2023-08-28,市场部,华北,61727.34307665966,30155.790475814676,48,94.18361160282873,31571.55260084498
2023-09-28,财务部,华东,31445.73933682877,19037.24913104798,46,56.376908497868214,12408.490205780789
2023-05-09,人事部,华西,30193.150803735854,15599.491174057057,57,73.27205765973879,14593.659629678798
2023-10-11,市场部,华西,57829.12348425346,45945.050632249724,47,43.82403055810532,11884.072852003737
2023-01-06,人事部,华西,54454.77009849779,21530.38651681672,56,83.05827016289034,32924.383581681075
2023-12-15,销售部,华西,53757.39275518815,20086.076505436926,52,95.48882785972016,33671.316249751224
2023-02-28,技术部,华东,55196.72314245463,8466.098863962852,38,74.08306619594974,46730.624278491785
2023-12-16,人事部,华南,39799.62917632264,23610.382523104978,54,88.52947824632166,16189.246653217662
2023-10-02,人事部,华中,53483.80545741505,16769.102065925017,56,78.61395776991385,36714.70339149004
2023-05-17,人事部,华东,54396.08709948022,46420.15160136369,66,97.90004491707187,7975.935498116531
2023-11-25,市场部,华南,39284.72872960448,40098.170893426344,45,70.81955772359466,-813.4421638218628
2023-06-24,人事部,华南,77986.61766717135,23118.496548222764,46,77.61315234346007,54868.121118948584
2023-02-27,销售部,华南,57107.49381367681,52524.35805344309,56,68.607762903977,4583.135760233723
2023-05-31,市场部,华西,32130.44754196027,39817.65486991595,50,95.9458127380591,-7687.207327955675
2023-08-11,财务部,华东,59848.30412950744,26751.686164913775,47,72.17481809045678,33096.617964593665
2023-03-22,财务部,华南,35379.77494659018,5005.94285126427,58,93.18712108237813,30373.83209532591
2023-08-21,技术部,华中,61806.26905613678,52909.42572590742,55,61.79896067161884,8896.843330229356
2023-01-02,销售部,华中,67378.93368511106,16104.275332364039,62,80.7336337022926,51274.65835274702
2023-05-15,人事部,华北,37689.76522472434,13546.012530431082,45,79.65091461869025,24143.752694293256
2023-09-14,销售部,华南,64450.64193866483,40225.7043200964,43,88.95879320794207,24224.937618568423
2023-04-02,财务部,华东,56191.71390404747,54397.52406339273,59,94.75444829389112,1794.1898406547407
2023-09-17,人事部,华西,62330.90239991735,43842.72818510518,55,83.94220919776791,18488.17421481217
2023-02-24,销售部,华北,78451.89473980921,35639.091200523595,65,64.04157590905425,42812.80353928562
2023-11-17,市场部,华南,46319.17825995694,35947.54341665286,47,73.45974378937967,10371.634843304084
2023-06-02,人事部,华西,38693.95753463766,38534.15558780308,56,63.62467426215635,159.80194683458103
2023-11-24,市场部,华东,36657.28355561715,37589.28589786765,48,96.0220970172038,-932.0023422505037
2023-09-17,销售部,华东,37762.845725518426,32811.91423969376,58,92.03309030561392,4950.931485824665
2023-11-08,人事部,华北,48843.47435878844,31042.011039518762,49,76.2668060687212,17801.463319269675
2023-04-12,技术部,华北,55117.279622249654,29374.068721004776,54,82.72990371492274,25743.21090124488
2023-03-20,技术部,华南,54150.36198995029,22460.35411133324,34,85.92439421443744,31690.00787861705
2023-07-11,财务部,华西,62407.74873554036,27193.24923133226,42,89.42480140444607,35214.4995042081
2023-03-24,人事部,华中,50195.02837816861,13070.431858046144,51,90.61438288392047,37124.59652012246
2023-10-04,销售部,华西,71803.01115735975,29016.6037320525,41,91.98628329886716,42786.407425307254
2023-09-29,技术部,华东,46030.147501430656,20114.088928490826,42,64.79578526812789,25916.05857293983
2023-01-01,财务部,华东,90802.53749884429,18964.10682784229,45,75.91452433259572,71838.430671002
2023-11-03,人事部,华南,59385.01021647509,31798.941511534784,54,87.73087215364812,27586.06870494031
2023-06-15,技术部,华中,37142.63665375576,43920.02286344599,44,92.22577726542607,-6777.38620969023
2023-09-08,人事部,华南,33936.612529083315,39183.166060023126,51,91.07240852103675,-5246.553530939811
2023-01-10,财务部,华东,57237.08622864778,14294.99396376823,61,71.1849490149661,42942.09226487955
2023-02-27,销售部,华东,46648.05822011224,20103.718634296623,54,78.35462731140326,26544.339585815615
2023-07-05,财务部,华西,60710.007411381375,39407.71187988216,51,77.47474120355517,21302.295531499214
2023-06-07,销售部,华中,57098.56436860317,20175.126064616903,46,86.47515922579989,36923.438303986266
2023-05-03,市场部,华西,48907.56631014691,27753.668500029755,52,93.62365005798435,21153.897810117156
2023-01-30,技术部,华西,37298.094228973925,35500.52099024552,55,70.51986140501556,1797.573238728408
2023-05-04,市场部,华南,27277.291629712032,20316.555451363645,37,50.25832035235616,6960.736178348387
2023-10-18,销售部,华西,43302.275718994686,31053.7550614596,45,90.6987807535127,12248.520657535086
2023-02-10,人事部,华北,62845.981914852084,16659.745050817954,54,95.09472159065325,46186.23686403413
2023-02-13,销售部,华北,53211.40616195306,23986.323560487865,35,88.06339166109264,29225.082601465198
2023-09-06,销售部,华西,31313.91831932018,33197.81934142537,65,82.40047646806568,-1883.9010221051903
2023-02-05,人事部,华中,52597.71388776773,14070.062664683308,54,80.52019908710744,38527.651223084424
2023-09-30,市场部,华西,55779.76069593255,34404.74737960399,43,82.37570228033152,21375.013316328557
2023-03-06,技术部,华东,36742.138456983004,29803.622010733186,55,83.94688096135961,6938.516446249818
2023-03-07,销售部,华东,52305.87658918292,35524.89954417148,45,78.53421193859892,16780.977045011437
2023-12-04,销售部,华中,50873.13077669,32239.141340646616,49,90.95129160968054,18633.989436043383
2023-09-01,技术部,华南,32855.44553254065,43641.40429973844,37,67.10127133405857,-10785.958767197786
2023-10-09,销售部,华北,55366.81040522425,31252.24502647907,40,69.84714008365539,24114.565378745177
2023-03-26,技术部,华北,58411.76789552352,25705.944588747472,55,89.39421118034929,32705.823306776045
2023-05-16,技术部,华南,66245.76864762916,31222.97503032284,48,94.48342802917583,35022.79361730632
2023-09-28,技术部,华西,65807.03078052355,35432.98029036388,48,84.72311130463119,30374.050490159672
2023-11-07,人事部,华中,29334.959480643633,30488.60070325704,43,83.83027707419201,-1153.641222613409
2023-08-05,市场部,华西,35932.62440127316,30405.916912038825,45,43.55408241405646,5526.707489234337
2023-04-19,市场部,华南,57725.529008129895,22980.083121932446,52,78.45011281401204,34745.44588619745
2023-10-04,财务部,华中,57706.78926368313,23370.990824490516,46,80.61179751465133,34335.798439192615
2023-12-20,人事部,华北,57725.715294590715,15973.947282003064,52,90.62099727036893,41751.76801258765
2023-04-13,财务部,华北,107790.97235982082,47495.76743186939,53,91.3709464814765,60295.20492795143
2023-06-09,市场部,华西,58563.35766039751,17561.36764608715,44,94.13601501579463,41001.99001431036
2023-07-24,市场部,华东,67033.48460270898,23070.948022040928,54,87.0248431592506,43962.53658066805
2023-12-10,市场部,华南,64310.02645239804,22815.927344308024,46,91.96225268206317,41494.09910809001
2023-11-29,销售部,华南,59770.868769586974,38949.24376944441,52,62.807531534324525,20821.625000142565
2023-07-11,财务部,华西,45270.96133039481,27050.50321707972,65,73.15254780788342,18220.458113315093
2023-08-13,人事部,华南,61384.53830739901,42477.42072673734,43,72.81006810174816,18907.117580661667
2023-09-22,财务部,华北,38407.621781936425,23265.093757561313,54,60.89251341460407,15142.528024375111
2023-08-20,市场部,华西,46447.72089889987,32789.94162223802,48,90.97014980109867,13657.779276661851
2023-03-03,人事部,华北,42719.54678256345,21646.529467402426,52,84.602849932038,21073.01731516102
2023-05-07,财务部,华中,51228.112090794835,51451.49127773388,49,55.276942866454625,-223.37918693904794
2023-04-26,市场部,华中,84719.87850010264,18124.01580970487,48,80.25264901335282,66595.86269039777
2023-02-02,市场部,华东,21991.02211112378,33098.20710227027,43,65.13216250514542,-11107.184991146492
2023-06-23,人事部,华南,60293.9028556177,36337.76880932099,39,88.95091006144914,23956.134046296713
2023-01-11,技术部,华中,25809.261932155227,34137.990974514985,62,58.52696870958746,-8328.729042359759
2023-10-29,人事部,华南,42921.0220131585,28147.123411222918,45,87.5720459290055,14773.898601935583
2023-10-11,技术部,华北,66334.25895451049,28701.793002665738,55,77.31946823267386,37632.465951844744
2023-04-28,销售部,华西,50964.200286431944,30438.114719791098,52,72.18537368769601,20526.085566640846
2023-10-29,人事部,华中,33833.82833106041,28529.979983715115,53,79.23808141963006,5303.848347345294
2023-04-23,技术部,华西,39270.444361100475,39638.79116794909,55,94.4917164060194,-368.34680684861814
2023-01-04,财务部,华中,60193.96623402014,52105.23001591351,43,63.08274830791554,8088.736218106627
2023-02-06,市场部,华南,39044.50052424295,24425.082149921665,55,69.37792981754872,14619.418374321282
2023-12-29,销售部,华中,53246.878843729624,16301.970204209221,44,88.33625100304002,36944.90863952041
2023-11-20,人事部,华中,50683.5775985572,29117.179516487453,45,84.16369783034548,21566.39808206975
2023-01-31,技术部,华北,40225.99478591274,55797.093376543184,36,51.77987046331961,-15571.098590630441
2023-04-28,财务部,华东,82159.16133987988,21963.25432030269,55,80.41648115541774,60195.90701957719
2023-02-04,技术部,华北,59508.78533477017,46391.16805444067,54,82.43257506737906,13117.617280329498
2023-01-17,人事部,华西,19622.861200135892,46777.0081407644,63,77.82536505986661,-27154.14694062851
2023-06-19,技术部,华南,52796.814721541414,24464.117582920055,43,92.01486115478801,28332.69713862136
2023-02-06,人事部,华南,40073.20302847418,35689.83079185276,55,78.42629701835563,4383.372236621421
2023-09-21,技术部,华中,62786.50002194336,46283.966231285376,50,92.68103295260465,16502.53379065798
2023-05-02,市场部,华南,38112.188923509486,26208.72259012513,47,76.15387198800086,11903.466333384356
2023-05-23,人事部,华东,48278.95337799651,27964.196398976383,52,65.93066152498542,20314.75697902013
2023-12-09,人事部,华东,57574.80918470686,24183.19086051356,45,89.86946131366396,33391.618324193296
2023-09-06,销售部,华中,62986.327912551824,19852.43269307133,60,85.19173100005226,43133.895219480495
2023-04-20,市场部,华中,31995.553894163357,23507.224549339928,56,86.07030625721616,8488.329344823429
2023-10-04,人事部,华西,44982.481462385775,17760.597332377434,53,89.99151686714549,27221.88413000834
2023-03-09,财务部,华中,42875.82033258566,30340.83468259226,54,78.5178567546688,12534.9856499934
2023-10-20,技术部,华北,40200.06151139432,22300.26768941358,49,92.7701770468229,17899.79382198074
2023-10-23,财务部,华北,76481.81360421646,32337.859117907476,64,71.25411773941146,44143.95448630898
2023-08-31,技术部,华北,56074.725664414334,14441.043537963727,58,79.2210877374191,41633.68212645061
2023-05-05,技术部,华东,31086.740684974324,33308.80232214457,49,82.51847317671664,-2222.0616371702454
2023-08-31,销售部,华南,63767.92920582164,38335.28961608925,46,84.85010599358557,25432.63958973239
2023-07-28,人事部,华西,81832.3429551895,10062.643574285445,35,50.44063414450745,71769.69938090406
2023-04-08,技术部,华中,65486.97890826721,33740.56569847572,63,97.68270081241035,31746.413209791484
2023-02-18,销售部,华西,27209.4505106898,42276.68992473292,56,82.55005759362061,-15067.23941404312
2023-02-19,财务部,华东,42736.48890700623,17903.589813087943,53,77.99274424393302,24832.899093918284
2023-12-04,销售部,华中,69003.66723779934,46725.723868377034,42,58.773549756798985,22277.943369422304
2023-08-09,财务部,华中,39384.958015718286,34190.19009366045,37,84.76143089750916,5194.767922057836
2023-07-01,人事部,华东,56657.291422193426,22949.881442415914,53,48.62062850337922,33707.40997977751
2023-08-05,技术部,华南,61619.510801440054,29442.30922342294,57,71.07261935029962,32177.201578017113
2023-07-30,市场部,华中,36096.04292632875,35583.26912521722,40,72.94001001831457,512.7738011115289
2023-08-28,财务部,华南,49107.119659072996,30760.053914124113,46,72.80333026896264,18347.065744948883
2023-01-28,技术部,华东,1380.9898989639114,35387.55992446369,50,89.68240938498636,-34006.57002549978
2023-12-11,市场部,华西,34634.185379985654,20793.264069206336,47,82.77670563455392,13840.921310779318
2023-12-01,市场部,华中,46211.4777291026,31693.60824036078,46,72.51915944296724,14517.869488741817
2023-11-27,财务部,华南,31283.252270527257,15862.855030950199,66,62.556469441593855,15420.397239577058
2023-02-20,技术部,华中,74486.16955897454,28887.739386512996,47,65.47094652265679,45598.430172461536
2023-02-01,市场部,华南,28547.87933059051,20960.923585352102,64,89.3663035276123,7586.955745238407
2023-07-26,销售部,华中,43399.332699545244,22644.700574102335,39,87.42476164561702,20754.63212544291
2023-06-23,销售部,华中,51961.10865929137,42360.93175210437,51,74.35145940683577,9600.176907187
2023-02-25,技术部,华中,71619.09933599173,40913.10120594269,43,98.11809684423046,30705.998130049047
2023-05-08,人事部,华西,28462.06773230841,36091.38120907177,54,85.79864216512965,-7629.31347676336
2023-04-09,销售部,华中,67447.45628232439,19076.872353274208,59,78.7328896010752,48370.58392905018
2023-04-08,财务部,华南,50153.4959152938,26835.91550305198,49,72.53092515651991,23317.580412241823
2023-10-02,技术部,华西,35277.37023428074,42130.976999791834,42,90.41110389764623,-6853.6067655110965
2023-08-18,市场部,华北,56931.55211394906,31417.169136399047,42,78.09401034823816,25514.382977550013
2023-03-13,销售部,华南,52985.895433602054,53193.29539981694,44,67.57611757451446,-207.39996621488535
2023-08-05,技术部,华南,40996.74684261808,33933.178393943715,42,39.5850538562088,7063.568448674363
2023-04-04,技术部,华北,51047.031274850284,31920.491164900315,55,92.36698587375547,19126.54010994997
2023-05-23,人事部,华西,44220.2960470736,26908.835357974986,50,84.75863760483698,17311.460689098614
2023-08-25,市场部,华中,51702.76017876872,31335.409047822825,38,76.34111737079958,20367.3511309459
2023-05-08,市场部,华南,59931.9601178157,28475.301636194563,44,93.88290667336294,31456.65848162114
2023-02-08,市场部,华北,73790.25224218029,37081.08676688591,39,91.37023387008509,36709.16547529438
2023-08-15,财务部,华中,31432.767517597265,39567.02316794584,50,94.12073886392446,-8134.255650348572
2023-10-09,技术部,华西,81995.500619844,22140.105394920505,44,88.2224780986275,59855.395224923486
2023-02-20,财务部,华南,20718.68300716247,16687.67046442222,48,73.94709286399518,4031.0125427402527
2023-01-26,财务部,华中,47723.22357446625,11637.946268967033,52,93.4706102304898,36085.277305499214
2023-11-30,技术部,华中,58824.75809726865,35079.913269125434,48,85.81153508740822,23744.844828143214
2023-10-04,市场部,华东,54214.87801602549,18966.33393826126,51,81.88399897745762,35248.54407776423
2023-01-08,技术部,华北,40659.50720269109,8471.09407047517,54,95.94743773490897,32188.413132215923
2023-02-17,人事部,华中,46878.16624464087,33885.786045309644,50,66.90026446733528,12992.38019933123
2023-05-02,技术部,华西,42604.985980117504,54929.99517432791,59,70.84482025522023,-12325.009194210405
2023-03-27,技术部,华东,41159.52864583683,29939.290884601065,51,78.69045976415721,11220.237761235763
2023-07-28,销售部,华中,62744.03145531537,38384.907744516415,52,92.79242363825503,24359.12371079896
2023-09-06,人事部,华中,55355.23228947571,30818.29358547565,46,67.39192239915765,24536.93870400006
2023-09-04,销售部,华西,39606.35607109019,29011.103468088575,54,72.83803069626624,10595.252603001612
2023-04-20,市场部,华东,63493.99813149876,39190.764829877684,48,84.73177328815954,24303.233301621076
2023-07-25,市场部,华东,54609.49281314914,27097.254558113487,43,77.9361313568395,27512.238255035652
2023-01-31,人事部,华北,62192.931782584405,32673.92314071903,48,71.27593095387617,29519.008641865374
2023-03-26,财务部,华中,59444.432628854185,33216.97806196014,57,86.83813803463363,26227.45456689405
2023-07-14,技术部,华北,37565.07483616892,23319.095463569513,49,69.42549934963232,14245.979372599406
2023-01-02,销售部,华东,41597.284397045456,39920.42349536523,53,84.61241880994514,1676.8609016802293
2023-07-19,人事部,华北,61209.40407684893,28250.402433045914,44,73.44192932203998,32959.001643803014
2023-05-16,销售部,华西,59155.55398150197,22442.548405071553,55,85.80951129878471,36713.00557643042
2023-08-21,技术部,华南,49686.47609053778,35365.098435704036,58,89.95375525439577,14321.377654833741
2023-05-27,财务部,华西,51759.91074963173,21015.32018208963,46,84.24958933541855,30744.5905675421
2023-08-05,销售部,华东,69164.97343682637,30281.811573691284,49,94.85556877702774,38883.16186313509
2023-12-23,人事部,华西,41126.42916746255,29908.810033557966,49,43.66220713150715,11217.619133904584
2023-10-12,技术部,华东,58206.460717550566,40858.95565831578,48,93.57042825242577,17347.505059234783
2023-12-05,技术部,华西,46967.110213491585,34746.982328799524,61,80.56572083769429,12220.127884692061
2023-09-07,财务部,华中,46734.78195159169,29749.73041254856,37,87.21087982962614,16985.051539043132
2023-03-21,人事部,华中,66481.65277980786,38177.66299200287,48,91.49431976971458,28303.98978780499
2023-04-08,技术部,华西,62381.245234820446,43902.075490173134,71,77.17414729721256,18479.16974464731
2023-06-01,销售部,华北,62202.644540009576,35578.103063518625,53,94.41966478495172,26624.54147649095
2023-04-22,市场部,华东,69582.18210731493,30103.526198433807,47,69.7997793763269,39478.65590888113
2023-01-30,人事部,华中,50315.05762449138,16881.637676498405,51,83.98454409917144,33433.41994799298
2023-10-24,销售部,华东,60229.294569424455,19348.863369246275,44,60.77883457546134,40880.43120017818
2023-10-05,财务部,华中,45345.99865109816,26947.752956453325,47,84.8279372740805,18398.245694644836
2023-02-01,财务部,华南,54862.49528732663,23904.877978407167,47,51.61966596783628,30957.617308919464
2023-06-10,技术部,华西,48047.85418448473,28130.28697014554,55,89.44019304398543,19917.56721433919
2023-01-30,财务部,华中,51454.93947489077,30566.49924897107,54,96.7839301117841,20888.4402259197
2023-01-26,市场部,华西,58927.3553815537,35296.927543567304,44,87.51531793318503,23630.427837986397
2023-10-27,销售部,华南,37726.689751497914,29295.012219409087,50,80.03642034710664,8431.677532088826
2023-09-02,人事部,华东,81385.8091352819,34865.01643826202,57,58.1766788623605,46520.79269701988
2023-09-15,技术部,华西,34909.73927750447,30644.744148101203,51,94.33304510769631,4264.995129403269
2023-09-29,人事部,华中,31787.17080818402,10245.334336461288,56,96.84529944806488,21541.83647172273
2023-03-22,销售部,华南,67371.66310250101,20606.646061812455,56,74.62373445334703,46765.01704068856
2023-01-30,市场部,华中,61874.94040944404,28559.124442783846,57,66.40001225189638,33315.81596666019
2023-09-18,销售部,华南,59361.79725578232,17903.052571588923,41,82.02533010107602,41458.7446841934
2023-02-11,销售部,华南,59425.1826389642,35999.287299962045,52,88.86137195037865,23425.895339002156
2023-04-06,技术部,华中,49816.29840729628,45307.508323436974,42,86.09677262672822,4508.790083859305
2023-02-05,人事部,华西,36541.18442771253,42187.61851697317,60,93.56926149743946,-5646.4340892606415
2023-11-01,销售部,华东,51137.068372905895,27865.57129069792,61,62.1478001641229,23271.497082207974
2023-02-04,销售部,华东,39842.574327318325,44907.261368499516,52,77.59178272169005,-5064.687041181191
2023-12-12,市场部,华南,64626.796001266266,31486.674572021115,60,96.36997651950101,33140.12142924515
2023-05-01,财务部,华中,47794.13927746792,26629.140288819606,53,69.61640060047542,21164.998988648313
2023-07-26,市场部,华南,37617.54204811233,23865.9733645906,49,73.89252704842137,13751.568683521728
2023-03-03,人事部,华东,45179.2123752051,26975.303135118716,45,60.885830770546235,18203.90924008638
2023-10-19,人事部,华南,56193.97181413436,26118.231814587714,46,89.72795916651137,30075.739999546648
2023-05-07,技术部,华南,41544.13170794038,31704.162223754876,43,80.01598433728412,9839.969484185505
2023-10-24,财务部,华东,37666.69406650353,31605.739810498646,61,47.051093067612186,6060.954256004883
2023-11-01,人事部,华西,53655.30817237868,30030.460201534144,43,94.56823979627535,23624.847970844537
2023-01-21,财务部,华南,53674.49856663084,34369.3816974635,54,76.55221462559932,19305.116869167345
2023-11-14,市场部,华西,42395.85236943305,41906.462747863414,57,81.91972540397965,489.3896215696368
2023-02-11,人事部,华南,42934.425415725156,39495.54135441324,57,81.97952597669517,3438.8840613119173
2023-08-03,销售部,华中,53480.74906036454,15151.020315500964,54,74.05200878581593,38329.728744863576
2023-12-03,人事部,华南,28278.734877540137,4460.788650980452,64,94.59643283605483,23817.946226559685
2023-10-26,财务部,华南,28888.043384351673,39343.19911239274,46,92.90349858373632,-10455.155728041063
2023-10-17,人事部,华北,39223.33668121346,16331.21301584579,43,79.23556045286512,22892.123665367675
2023-09-25,技术部,华中,46798.292724322295,27752.345981073166,44,81.54726209745073,19045.94674324913
2023-06-11,销售部,华中,54663.61348397007,18298.869739406407,45,80.79284496683738,36364.74374456366
2023-05-14,技术部,华西,72130.34325424329,11980.195624199801,57,81.82846168039529,60150.14763004349
2023-04-15,市场部,华西,62864.89434803029,35414.62728204788,56,79.1230835596917,27450.267065982414
2023-12-09,人事部,华南,47600.922050548594,37591.55160302647,38,76.44208561175626,10009.370447522124
2023-06-10,人事部,华东,49714.75688145967,24234.895992732807,47,86.11110550621376,25479.86088872686
2023-05-03,市场部,华南,34962.05953043287,4089.577078550901,44,90.12740812985855,30872.482451881966
2023-05-16,技术部,华北,49722.30296011415,24537.55551747517,46,83.87836776049733,25184.74744263898
2023-07-22,销售部,华南,45670.120416197926,33918.04005402546,60,95.24854329579911,11752.080362172463
2023-03-09,技术部,华北,54840.778405071345,15210.884312258713,44,76.9033977274012,39629.89409281263
2023-12-10,财务部,华南,37591.53584671515,31833.599197791555,37,92.37155292603443,5757.936648923598
2023-11-27,技术部,华西,57790.197713617585,29846.901508270046,55,81.46137670744682,27943.29620534754
2023-06-03,销售部,华南,72991.08369503866,35792.914996010884,44,81.11402627214618,37198.168699027774
2023-08-23,人事部,华西,48368.597773147136,31195.803684141534,48,90.62413620843388,17172.7940890056
2023-06-11,技术部,华东,56025.67583148412,20269.310591184447,56,90.58028143311799,35756.365240299674
2023-02-07,市场部,华东,60352.159875666686,41965.715016644914,46,95.10896549517489,18386.444859021773
2023-01-05,销售部,华中,43981.692921712456,28414.7042697303,44,87.77528245155729,15566.988651982156
2023-08-23,人事部,华南,53361.38722715625,29726.954604900682,56,89.84758038265723,23634.43262225557
2023-11-15,销售部,华中,50188.88601172692,20667.32040926804,56,89.47212717724733,29521.565602458882
2023-10-16,市场部,华南,51465.14147823248,25567.177488084897,58,96.93615987219499,25897.963990147582
2023-02-21,财务部,华东,38404.853242168,21151.97285973099,51,89.15732956085756,17252.880382437008
2023-02-07,销售部,华北,50367.652613884144,28270.53940076577,59,84.93394397238544,22097.113213118373
2023-10-03,销售部,华中,57469.974368681746,47117.084801423436,56,73.23117666860917,10352.88956725831
2023-04-20,技术部,华中,71767.15411692562,16280.988570686437,54,77.82737834387885,55486.16554623919
2023-09-17,市场部,华东,64389.0623912781,13864.386021232589,44,69.88663238078992,50524.67637004551
2023-05-16,市场部,华东,82297.73686267334,44711.70327493609,47,81.54099493894134,37586.03358773725
2023-03-09,财务部,华北,38489.78655667926,27906.763228481337,57,54.9861654842632,10583.023328197924
2023-06-28,市场部,华中,63084.80955081017,23309.272613400834,52,92.44564376375236,39775.536937409335
2023-02-05,销售部,华东,52750.130086075274,40399.04687396076,49,74.5038135243537,12351.083212114514
2023-05-06,财务部,华东,82847.04399826509,23943.844602631358,54,78.98604769423562,58903.199395633725
2023-07-09,市场部,华北,37875.525719672725,48260.09713546936,64,54.04258679063526,-10384.571415796636
2023-05-26,财务部,华北,37404.17236728836,36779.25871339269,50,90.24575821845498,624.9136538956664
2023-03-22,市场部,华西,41009.11031833967,25120.885918542976,54,86.62705065112007,15888.224399796694
2023-08-13,市场部,华南,18141.564135352895,51573.082132655036,45,81.70804058201804,-33431.517997302144
2023-10-06,技术部,华西,42113.674674788585,23942.850769966615,53,83.26387494898711,18170.82390482197
2023-12-27,市场部,华北,38613.01007669453,37420.95372009307,42,90.50214869351922,1192.0563566014607
2023-06-04,财务部,华东,52255.906797143114,32992.92580406492,49,40.409029170274614,19262.980993078192
2023-11-10,销售部,华北,55126.339636657394,43017.41289398798,58,78.84764118867167,12108.926742669413
2023-12-01,技术部,华中,78142.56258823829,45615.11196726853,52,91.32687817868519,32527.450620969757
2023-09-28,市场部,华东,64256.35757279075,30320.041490657666,58,61.91295500252607,33936.31608213308
2023-01-05,市场部,华西,41346.44516506395,22465.821296538164,68,63.65407094065236,18880.62386852579
2023-12-08,财务部,华西,36523.77992977463,34599.72142939117,50,89.33420873522786,1924.058500383464
2023-10-11,技术部,华西,57378.78757259758,23222.846302478938,42,69.28894677269327,34155.941270118645
2023-06-03,市场部,华东,30196.501894690366,50133.87247526623,45,85.24866426393342,-19937.370580575865
2023-12-06,销售部,华南,77471.8814878153,31365.353310827373,52,66.05505589363003,46106.52817698794
2023-02-23,销售部,华南,67691.60181081931,26346.784486878914,47,85.09522675833692,41344.8173239404
2023-03-10,市场部,华南,42962.365218429426,31846.803058649086,38,73.4561724520402,11115.56215978034
2023-05-16,销售部,华北,24302.98206363684,16528.737104703036,53,84.58296374661218,7774.244958933803
2023-03-01,技术部,华北,70308.0856124812,20283.859614893485,43,66.65198805276468,50024.22599758771
2023-02-24,市场部,华中,48281.902321210735,42004.139079444256,45,89.21133066288981,6277.763241766479
2023-10-11,财务部,华东,68567.24467960192,23431.057210286042,61,64.48401804453583,45136.187469315875
2023-03-21,技术部,华中,26083.585118084495,19530.890173180604,58,81.57355404291184,6552.694944903891
2023-05-20,销售部,华北,41009.374655693406,35366.52752527286,46,75.02678132835847,5642.847130420545
2023-05-25,市场部,华东,50078.65549577275,41857.04154662997,38,93.79826216346366,8221.613949142782
2023-11-06,技术部,华西,50704.70890647113,37189.53310665067,37,85.01099816634301,13515.175799820463
2023-04-18,销售部,华东,43249.01792781134,39960.476858058166,44,76.29364862421501,3288.541069753177
2023-06-25,市场部,华北,59342.748985212485,22432.04911430539,45,97.04680673943584,36910.69987090709
2023-04-15,人事部,华西,33985.69355926108,15781.893332581563,42,69.24125834864793,18203.80022667952
2023-12-18,财务部,华西,47864.3077246806,45013.33651955487,45,83.84034588849293,2850.97120512573
2023-11-21,销售部,华东,51804.434475678485,26773.201611578643,46,70.12918507099334,25031.232864099842
2023-05-16,销售部,华南,57716.582510881235,27491.669835449527,44,69.09849922327244,30224.912675431708
2023-09-16,人事部,华北,60674.223171333346,43281.941418490576,45,58.09031566397843,17392.28175284277
2023-09-08,人事部,华北,33130.36862243196,35562.3000940066,54,98.10275220666534,-2431.931471574637
2023-05-09,技术部,华南,26988.287438965664,34558.877720816075,43,81.18899183128933,-7570.590281850411
2023-01-27,财务部,华中,69165.15232847763,51650.02344901084,41,68.96884424276915,17515.128879466793
2023-02-17,财务部,华中,54984.71017969387,23564.81769619857,59,84.13360664735087,31419.892483495303
2023-11-21,销售部,华北,38772.701951651696,39278.40128081237,38,80.56824927316691,-505.69932916067773
2023-08-05,人事部,华南,73267.27963283785,30570.131248970843,46,94.89696152355215,42697.148383867
2023-05-22,财务部,华南,51735.11951439288,32685.922788632568,57,57.755742784904754,19049.19672576031
2023-01-23,市场部,华西,67689.45776095739,45284.68426412532,52,76.03337872610258,22404.773496832073
2023-01-02,财务部,华中,51012.777221151635,35078.357562896235,41,76.01843080043564,15934.4196582554
2023-06-20,销售部,华中,80911.21887322981,35382.96079049633,45,90.06219259336163,45528.25808273348
2023-03-08,财务部,华西,76330.11263664806,40725.07337309802,38,52.37551730893819,35605.03926355004
2023-11-23,技术部,华东,46265.5377728139,26350.472704571148,46,85.78919553295886,19915.06506824275
2023-05-15,人事部,华中,64573.56426431533,21607.903326609936,35,96.23497306830018,42965.6609377054
2023-03-24,销售部,华西,59680.639243777216,19551.908059789665,49,63.06924902189718,40128.73118398755
2023-08-15,销售部,华南,70529.47336298523,10336.434106239984,51,94.97293629272913,60193.03925674524
2023-10-10,人事部,华东,35526.14809129843,50562.07129940322,46,97.84457315323719,-15035.923208104789
2023-12-28,人事部,华北,60290.77189997659,18967.916342783166,60,77.7083628727916,41322.85555719343
2023-08-07,人事部,华南,65876.36730274382,27787.46376414228,43,95.55763636066949,38088.90353860154
2023-10-15,销售部,华东,23618.907703653287,27231.867001110793,55,91.3212122850006,-3612.959297457506
2023-01-05,人事部,华西,32251.122310013372,33074.06697809101,50,87.41024806078369,-822.9446680776382
2023-02-27,人事部,华南,19411.51733359849,38157.37212539297,47,90.27488938695464,-18745.854791794478
2023-02-08,销售部,华东,45958.89748333163,38604.734883597455,48,60.43595236429413,7354.162599734176
2023-12-20,销售部,华北,60763.133836939436,24169.225614310613,49,69.55595627472918,36593.90822262882
2023-03-18,技术部,华南,72535.35578144042,28328.782862135886,40,89.88882722236764,44206.57291930453
2023-10-07,财务部,华南,51111.42170629663,32825.799504883,66,67.33851108865618,18285.62220141363
2023-01-19,市场部,华中,74429.23318356938,27513.08873816453,51,71.26408596171876,46916.14444540485
2023-07-09,销售部,华东,29298.47812677663,46073.455760199926,50,73.93015674693663,-16774.977633423296
2023-10-26,市场部,华东,24449.26340967268,34909.749516382515,44,90.44991214508782,-10460.486106709835
2023-10-10,技术部,华中,49166.78451655072,37348.77786049817,47,93.14700751034086,11818.006656052545
2023-03-17,财务部,华西,55760.98173408961,36628.81268667413,41,86.60955783510259,19132.169047415482
2023-08-09,财务部,华西,49509.578778588606,41734.73857485325,43,46.88241535582934,7774.840203735359
2023-03-07,财务部,华中,18988.36849940185,31810.21558703707,44,83.5877494200501,-12821.847087635218
2023-01-22,技术部,华南,48663.19940730817,17031.680520441536,58,81.03974710534561,31631.518886866637
2023-06-07,人事部,华北,30432.957492427202,33996.87951752642,51,97.98244096386448,-3563.922025099215
2023-07-06,财务部,华西,60045.08823245058,23486.43106208171,47,85.60331579350026,36558.65717036887
2023-01-21,财务部,华北,55498.973691452724,24713.833182502432,47,86.70234204997254,30785.14050895029
2023-07-03,技术部,华东,35901.80320508967,35863.64018755093,51,81.37066840673455,38.16301753873995
2023-04-18,人事部,华东,42291.9962399496,42382.830714336356,57,92.16229870701254,-90.83447438675648
2023-12-16,财务部,华西,34111.79717166573,30212.715767360616,54,86.2400742437359,3899.0814043051105
2023-05-08,财务部,华南,49059.813540902425,33088.33012598964,44,80.80123132480058,15971.483414912786
2023-12-08,人事部,华东,64327.134807518574,47022.14944635238,44,88.22041699322992,17304.985361166197
2023-02-22,销售部,华北,35214.10930496684,32407.531794885683,57,82.6006710337249,2806.577510081159
2023-07-01,销售部,华南,57560.697732767665,56016.83114180395,55,97.1641268142737,1543.866590963713
2023-10-14,财务部,华西,42046.13572441339,35655.09645631544,49,87.31261090899658,6391.039268097949
2023-07-28,市场部,华东,38106.907516064835,12392.372408441825,39,79.9037026885179,25714.53510762301
2023-11-14,人事部,华西,48394.544600681635,37533.416211045325,62,88.04732416706678,10861.12838963631
2023-03-21,人事部,华南,34471.365163709386,33811.58384882778,45,73.44287012084584,659.7813148816058
2023-05-02,市场部,华南,41695.26041979227,42897.527540827454,49,77.74182625303627,-1202.2671210351837
2023-03-25,人事部,华南,32031.831611167272,36731.813512699584,56,91.5755135838399,-4699.981901532312
2023-04-01,技术部,华中,79470.87699374584,28615.440160162263,50,88.35755221709731,50855.436833583575
2023-07-31,人事部,华中,50528.95327957593,17757.017637106343,56,80.82638048782465,32771.93564246959
2023-01-13,人事部,华北,39504.117380111216,27909.767427139748,58,64.76687956708632,11594.349952971468
2023-04-02,人事部,华南,53209.69866101333,21494.795457907,47,84.91613472758503,31714.903203106333
2023-06-20,销售部,华南,48315.07925463755,24194.765501952774,52,80.30709085720287,24120.31375268478
2023-07-30,技术部,华东,46685.45600700165,35885.7840442061,50,73.22197315326171,10799.671962795554
2023-12-09,人事部,华北,59212.50050065138,46699.04504351407,34,95.62860584147398,12513.455457137316
2023-05-08,技术部,华北,61362.61565070957,33946.715298229814,51,61.26352402128621,27415.90035247976
2023-05-17,技术部,华西,42042.48278584209,18041.169379648156,58,73.20664983542503,24001.313406193934
2023-03-23,技术部,华南,41362.7263903298,34446.02668220141,44,94.83989685720263,6916.699708128392
2023-12-26,市场部,华东,45874.22454272534,41966.31486645651,55,72.47579144111695,3907.9096762688278
2023-02-25,人事部,华西,15471.18252896623,23902.170956806178,52,68.18951944549212,-8430.988427839948
2023-07-15,销售部,华中,27272.134067021718,28659.828333270823,42,73.99108252272316,-1387.6942662491056
2023-01-20,销售部,华南,70503.11401166787,30146.88194729197,57,92.53432862969751,40356.2320643759
2023-08-29,销售部,华北,74674.51570251926,22151.016869177598,55,84.60908348084448,52523.49883334166
2023-04-24,销售部,华南,46264.45940665432,36482.80433843859,56,75.55289576090057,9781.655068215732
2023-04-13,人事部,华南,58648.35444583649,28790.518513922183,54,80.85911015233175,29857.83593191431
2023-08-24,销售部,华中,54668.75231815304,34195.324439070275,63,92.69933076164662,20473.427879082767
2023-06-29,技术部,华东,96183.21212682856,21125.078221978998,36,71.54458371196816,75058.13390484956
2023-06-06,市场部,华东,66793.62367151865,25625.416996765896,58,72.27168690485757,41168.20667475276
2023-04-27,财务部,华东,48081.2361277885,37223.81357827771,56,86.90685727608076,10857.42254951079
2023-04-25,销售部,华西,35666.89339099362,26271.66847908233,47,77.39472844859148,9395.224911911286
2023-01-13,财务部,华东,25903.30519613641,47269.63851233405,63,68.50522848702293,-21366.33331619764
2023-12-04,财务部,华西,53051.954538008344,26003.638143853976,52,79.19077438250326,27048.316394154368
2023-04-09,财务部,华中,38654.73882073545,32246.84725751886,46,65.2026553453446,6407.891563216592
2023-07-24,技术部,华南,28666.19435603489,39325.9083187309,55,85.91428224499931,-10659.713962696012
2023-06-18,销售部,华西,40301.4067363621,15816.342670669683,54,84.92091088547544,24485.064065692415
2023-05-23,人事部,华中,33776.779945784074,12391.911880192241,47,96.2798630051472,21384.868065591832
2023-02-05,技术部,华西,75307.12452608848,14743.436854299052,49,89.7146534777505,60563.68767178942
2023-05-23,人事部,华中,63224.59635424176,42625.84103427182,47,72.03958392487311,20598.75531996994
2023-06-29,销售部,华东,49880.41038025074,24481.41854107553,64,65.50461054857124,25398.991839175207
2023-11-25,技术部,华东,72199.16208335038,55581.992856682526,47,67.39638862193867,16617.16922666786
2023-09-18,财务部,华中,51160.524614714275,24357.524013426115,36,77.3210106918184,26803.00060128816
2023-07-24,技术部,华北,37080.73698007604,31845.51303197037,42,90.59824372246382,5235.223948105671
2023-12-14,技术部,华中,72846.86115904486,45421.09952567876,49,97.294676607608,27425.7616333661
2023-10-02,销售部,华西,58083.65065526988,50060.92888159123,44,79.52765552298034,8022.721773678648
2023-06-19,财务部,华中,34441.30768510315,50615.03576636397,53,67.07154328893354,-16173.728081260822
2023-01-15,财务部,华南,47144.91982874588,42083.66230593142,56,87.0450343540176,5061.257522814456
2023-03-01,市场部,华北,36865.726199228644,40240.625258114625,61,91.07060940129718,-3374.8990588859815
2023-05-14,市场部,华中,29258.00403553496,35925.26949201183,56,95.12627118643414,-6667.265456476871
2023-04-02,人事部,华北,63892.66321297462,37783.61076166638,53,77.85897872622711,26109.052451308242
2023-10-25,市场部,华北,78641.24960705196,24488.142836714665,48,48.43751810879568,54153.10677033729
2023-05-16,销售部,华中,29021.486392712883,21818.01116577693,60,41.1454743211424,7203.475226935952
2023-01-20,技术部,华中,58444.538550358564,29966.25542589048,46,66.72768458529423,28478.283124468086
2023-02-25,财务部,华东,40240.361463172594,28298.153774750717,45,80.8208555723227,11942.207688421877
2023-11-02,技术部,华中,42693.11924352956,25467.719506727248,43,94.14282529672103,17225.399736802312
2023-08-11,销售部,华中,41114.09113641696,36963.87447456715,48,76.17549431122781,4150.216661849809
2023-06-26,技术部,华东,37040.138454802756,39553.05208570511,40,93.01618041864559,-2512.9136309023525
2023-06-10,财务部,华东,50727.82441917241,30884.068862918473,51,88.27887247671742,19843.755556253935
2023-08-12,市场部,华南,37535.748253834434,44775.30081055262,50,74.02458846204183,-7239.552556718183
2023-11-07,人事部,华中,54056.85238669758,18583.10885866495,52,88.65094484830954,35473.74352803263
2023-09-19,财务部,华西,49246.42835826294,28063.40540720282,42,83.69408585995059,21183.022951060124
2023-03-01,财务部,华北,46415.77929700386,22831.77679397195,51,92.35312705770892,23584.00250303191
2023-07-17,财务部,华东,36386.545069376036,11334.633829269402,47,82.1573535468454,25051.911240106634
2023-10-23,财务部,华中,41348.43004147501,29173.193141573007,53,86.92600119059465,12175.236899902004
2023-04-08,销售部,华西,61330.86838738634,28782.524916167164,57,56.500499716741615,32548.343471219177
2023-05-11,财务部,华北,57513.75781436571,45134.49743242131,53,92.33599429723348,12379.260381944398
2023-01-23,技术部,华中,35336.67132802174,36308.116845547775,48,83.41977227155249,-971.4455175260373
2023-12-29,销售部,华西,51489.98458143839,19758.131756707953,57,88.34690223694324,31731.852824730435
2023-08-12,市场部,华北,61270.80685057683,48540.925663341885,52,68.90687628645873,12729.881187234947
2023-01-01,技术部,华西,24958.920783179423,42210.33695525353,43,92.64991145317471,-17251.416172074107
2023-09-24,技术部,华东,58150.402885699026,35820.977034686155,52,63.092136294155196,22329.42585101287
2023-10-03,技术部,华中,40060.643615812296,27735.15901150168,51,77.40600521034877,12325.484604310615
2023-12-18,技术部,华西,58558.98002889739,20405.607632765204,42,93.45965716993457,38153.37239613219
2023-12-10,销售部,华西,38551.11265186225,26277.93223928947,46,91.64445506862599,12273.18041257278
2023-04-11,市场部,华中,22926.768490032213,40887.48619704186,49,67.59787852598531,-17960.717707009644
2023-07-06,市场部,华北,25586.86343175256,48845.86305934609,34,76.15159319220307,-23258.99962759353
2023-08-09,财务部,华中,50721.27419992073,45432.43528272189,54,86.08378090235014,5288.838917198838
2023-02-05,人事部,华西,53895.83752582223,25111.50578213726,44,96.19125339832671,28784.33174368497
2023-12-07,销售部,华南,36435.25062343387,18803.825667109886,44,92.39695579024932,17631.424956323986
2023-06-19,市场部,华北,59578.88688166061,31408.86246911204,47,87.80699265291956,28170.024412548573
2023-11-16,销售部,华西,25077.1990659656,12315.606344371485,57,83.58463166912328,12761.592721594116
2023-06-10,销售部,华南,49008.80302029025,33231.67714184782,47,59.581684989010796,15777.125878442435
2023-12-06,财务部,华北,31834.75700356315,28523.974137013312,57,56.65543659348087,3310.782866549838
2023-03-05,市场部,华东,40222.45838296761,25339.634981317577,43,75.06165904537418,14882.823401650036
2023-06-03,人事部,华中,50710.98006974621,14052.969327332046,49,75.32938718085143,36658.01074241417
2023-09-17,人事部,华北,37093.799520740715,35136.001065697164,58,74.2971326315416,1957.7984550435503
2023-06-08,人事部,华北,44231.66683655262,24672.991603380884,47,65.53339731403425,19558.675233171736
2023-12-08,技术部,华西,65094.39213821661,18300.83164289712,58,49.670795579249365,46793.560495319485
2023-07-29,市场部,华南,41346.62195715277,1277.3778671835062,49,66.58885535783476,40069.24408996926
2023-06-17,技术部,华北,62535.38168097712,29724.850949493637,63,99.3167842473681,32810.530731483486
2023-07-26,技术部,华中,33054.397180135726,47722.515966697436,63,87.82887088516192,-14668.11878656171
2023-12-23,技术部,华北,57947.06266872924,46612.5921454787,51,57.09766836626209,11334.470523250537
2023-06-01,财务部,华北,71623.5293098685,25429.03743413728,49,95.26227184420163,46194.491875731226
2023-10-11,财务部,华西,12925.332498090662,23977.879396382195,42,66.36068512481022,-11052.546898291534
2023-03-07,销售部,华北,38046.57116794285,34687.74256075024,55,62.76359812610808,3358.8286071926123
2023-04-09,销售部,华南,58656.081907708096,20016.145608117084,48,44.86389243850266,38639.93629959101
2023-08-04,市场部,华西,46954.31920935511,33017.91899819466,52,94.05534200653548,13936.40021116045
2023-12-07,市场部,华东,55567.188100569634,37660.8027838469,53,90.29908185731439,17906.385316722735
2023-07-14,财务部,华东,40940.22219926269,42269.332238843075,47,83.844928580545,-1329.1100395803878
2023-12-13,销售部,华西,51298.8468120935,28998.459235200473,48,93.17050387881855,22300.387576893027
2023-03-31,销售部,华南,47664.84146911881,27963.262498230342,57,73.54031762549954,19701.578970888466
2023-11-12,技术部,华西,67516.73092489711,21220.17413243439,47,75.36708082768129,46296.556792462725
2023-10-19,人事部,华西,53816.31264951819,21731.1964596014,39,86.04312005351285,32085.116189916793
2023-06-04,人事部,华西,55064.039931128034,27735.211080984733,48,86.70029694624125,27328.8288501433
2023-07-27,人事部,华西,43821.84550816299,33673.65506816178,53,75.58562777241082,10148.190440001206
2023-10-08,财务部,华北,42685.906638912595,39135.846262332496,48,94.41956037482444,3550.060376580099
2023-01-01,人事部,华中,43511.627182705684,21968.21049319655,42,72.63541050030882,21543.416689509133
2023-06-05,人事部,华东,55916.78213567445,44926.88568959522,51,96.09265409353206,10989.896446079234
2023-05-27,技术部,华南,43685.232787696055,27288.763989574312,50,91.3814496451797,16396.468798121743
2023-04-18,市场部,华北,54346.62285344619,29786.327056515638,67,92.18770859096325,24560.295796930553
2023-08-09,财务部,华东,81131.01197968159,22527.883208521765,62,53.947966765144784,58603.12877115982
2023-10-24,销售部,华中,63066.87055147538,5757.597397270583,53,68.88069043416812,57309.2731542048
2023-11-07,技术部,华西,45109.647017482384,38840.4539636105,56,67.80489312008439,6269.193053871888
2023-12-02,人事部,华中,68018.20883245918,37368.43897092433,54,74.90528273240307,30649.76986153484
2023-06-14,销售部,华东,43878.86940467673,27186.724428817866,55,84.32092876548973,16692.14497585886
2023-08-27,技术部,华东,19428.13197233219,30669.90717224872,51,67.30325623491112,-11241.77519991653
2023-08-15,财务部,华北,34878.70533623894,35159.392177040994,49,65.44721801970202,-280.68684080205276
2023-08-15,人事部,华北,21938.121184612166,14374.541431134574,62,74.55974781687542,7563.579753477592
2023-12-12,财务部,华南,44727.297739380374,24709.47322653705,58,68.72299366503579,20017.824512843323
2023-04-20,技术部,华西,50276.27568784328,37942.64679621827,50,83.05595744995115,12333.628891625005
2023-09-19,销售部,华中,75146.55968412924,17457.105768307505,51,43.06513113661739,57689.45391582174
2023-08-31,市场部,华西,54903.910606462436,32935.57932166629,32,89.51224512129487,21968.331284796142
2023-03-28,人事部,华中,46713.49206786704,16434.18195376595,70,85.71241988581613,30279.31011410109
2023-12-04,财务部,华西,62441.083717752335,34664.29982433526,55,80.45438336741896,27776.783893417072
2023-02-13,销售部,华东,16832.970364881723,29643.585177025165,54,86.00978824090707,-12810.614812143442
2023-05-26,销售部,华东,53534.21837162849,13848.681840944906,65,89.55734164718282,39685.53653068359
2023-09-21,市场部,华西,61562.9779083045,41647.393544571714,56,87.01168119018358,19915.584363732785
2023-12-06,技术部,华南,27821.206313302377,22654.084232019508,52,92.0015148704362,5167.122081282869
2023-11-21,市场部,华东,67156.31064810394,21897.47562985619,54,78.52037416167212,45258.83501824775
2023-11-14,市场部,华南,55077.44611241621,32005.69197230943,64,78.92156077146349,23071.754140106783
2023-06-21,技术部,华东,43770.681291487985,41486.37349428715,53,69.31794788212517,2284.3077972008323
2023-02-17,技术部,华北,59491.72799159427,19841.78181021603,46,39.15473575696327,39649.94618137824
2023-05-01,技术部,华北,84060.39286706594,30616.798498479715,48,93.32328424818344,53443.59436858622
2023-12-11,销售部,华西,52727.99382587743,34288.16500330573,42,69.35864698319618,18439.828822571697
2023-06-08,销售部,华中,53723.30879450504,36931.05607263144,38,91.34114024236698,16792.2527218736
2023-04-26,人事部,华北,43109.58650689634,31764.41555277225,39,75.96461139901932,11345.170954124089
2023-04-12,人事部,华东,37252.33445802813,26329.721609166776,53,92.61482116755919,10922.61284886135
2023-03-17,市场部,华东,62455.03724816369,21724.097793512803,42,71.6309005224849,40730.939454650885
2023-01-13,市场部,华北,37158.74261136699,30861.438830463747,74,88.77737028599431,6297.303780903247
2023-01-24,人事部,华北,51073.49355829089,19278.60988014393,44,81.14890573345774,31794.883678146958
2023-05-06,财务部,华中,42835.13829852325,786.495165053926,63,73.88613236656172,42048.64313346932
2023-09-01,市场部,华北,57184.697386195876,34365.598041576675,34,74.20458786260085,22819.0993446192
2023-11-09,财务部,华西,55004.931579304226,39039.34841086195,51,63.60860051996664,15965.583168442274
2023-02-07,财务部,华中,65563.0991638685,6370.675644581617,46,80.34782005109199,59192.42351928688
2023-08-22,技术部,华北,42349.75401717879,19902.692952900623,52,87.25510521970658,22447.06106427817
2023-08-01,销售部,华东,45951.87597059943,36191.542610051976,45,97.56999273882703,9760.333360547455
2023-11-19,人事部,华北,35318.54426326539,50574.95469711699,45,71.91346422000582,-15256.410433851604
2023-10-22,销售部,华西,43335.60109885833,30207.93707675408,47,64.16566667373519,13127.66402210425
2023-04-10,人事部,华西,55659.50739567279,22719.970587708656,34,56.58939299333905,32939.536807964134
2023-12-23,销售部,华东,61354.829249680275,28171.0355889516,44,61.23329094821079,33183.793660728676
2023-07-16,人事部,华中,36167.52013733562,43748.76419148185,39,80.10838340220229,-7581.244054146235
2023-09-11,销售部,华东,63044.088801584905,23540.358208754646,46,75.42497159057976,39503.73059283026
2023-07-24,技术部,华北,70334.56788207426,22008.079933497465,38,83.48260359321324,48326.487948576796
2023-05-05,财务部,华东,56201.523548355515,25172.564778179676,56,61.394146624344714,31028.95877017584
2023-03-17,人事部,华中,78151.937188371,20466.713917412875,50,84.50998185981845,57685.22327095812
2023-12-02,财务部,华南,38393.1620134464,31226.703159947956,46,83.75224116499228,7166.458853498447
2023-12-19,人事部,华东,31330.179450328746,46246.784584695604,51,69.41693466910746,-14916.605134366859
2023-01-03,人事部,华中,23319.19626643582,33230.79273116029,51,71.59733683954997,-9911.59646472447
2023-02-24,技术部,华南,72440.66467233775,27476.464978737124,56,45.73917094207837,44964.199693600625
2023-08-06,销售部,华中,59815.484845310864,27081.88731084456,41,92.4401778023726,32733.597534466306
2023-04-23,人事部,华中,49166.229936343174,14368.09191303343,47,72.40359963678434,34798.138023309744
2023-04-01,销售部,华南,54199.529394797304,38831.09777147159,54,84.73704725612778,15368.431623325712
2023-12-23,技术部,华东,33117.66429052435,29221.62802987198,54,76.94644371914409,3896.0362606523704
2023-09-23,市场部,华南,86686.27969425239,28195.200864093742,53,83.75631671248364,58491.07883015864
2023-08-26,财务部,华东,51938.31772962841,61931.07567844861,46,90.40647447914134,-9992.757948820195
2023-01-26,人事部,华中,51640.92191907339,32987.52908365686,48,79.93426637155405,18653.392835416533
2023-10-13,技术部,华东,60886.49935848038,22482.089499048157,54,85.17863680439845,38404.40985943223
2023-05-08,销售部,华西,57215.1384760507,25736.42403794457,54,91.65907060104776,31478.71443810613
2023-03-04,人事部,华南,53358.26036418697,41484.457091967546,48,81.75194561655368,11873.803272219426
2023-08-22,销售部,华南,38142.88316832032,31132.704105377645,55,71.10473236396791,7010.179062942672
2023-03-10,市场部,华北,57072.025357039936,15617.220216826334,54,64.9150923981612,41454.805140213604
2023-08-26,人事部,华中,78230.3674471255,39192.28934575203,53,78.5404681599517,39038.078101373474
2023-12-08,财务部,华中,70181.30069232467,23318.55914461006,59,64.1064216972047,46862.74154771461
2023-09-29,人事部,华东,73897.79939959096,48732.977762175455,49,87.44550696768847,25164.82163741551
2023-10-14,财务部,华西,42331.76485353222,40800.48065714649,48,44.20610040952743,1531.2841963857354
2023-11-01,销售部,华中,35155.92769612129,25526.781043412488,46,68.88423362497792,9629.146652708801
2023-06-12,人事部,华西,48113.19619850528,42810.16361735113,58,84.72311642183253,5303.032581154148
2023-08-15,技术部,华北,50835.87368433042,30678.555105274034,64,82.08745792852847,20157.318579056388
2023-11-10,技术部,华南,66412.87277706423,38527.7367512222,58,84.73952838514809,27885.13602584203
2023-09-16,市场部,华西,24613.03055427771,34847.32817294475,56,54.86596691509593,-10234.297618667038
2023-08-07,技术部,华中,72943.2547919092,21536.433450091266,57,86.48910131193132,51406.82134181794
2023-10-08,市场部,华南,47629.88152131516,23564.50167682538,45,66.35918413470209,24065.37984448978
2023-08-17,销售部,华西,43596.7839507887,40299.60817581161,56,85.92646583396186,3297.175774977084
2023-03-23,财务部,华西,34818.434371097486,26652.246678934593,59,74.37636924568709,8166.187692162894
2023-09-01,销售部,华东,25177.14992201346,25963.515367580032,54,68.98180769128143,-786.365445566571
2023-08-19,财务部,华南,62347.55875942872,20448.77420650647,46,80.6074797097291,41898.784552922254
2023-05-13,财务部,华西,51099.76950782606,34235.99065593461,52,87.98955684439862,16863.778851891446
2023-05-07,市场部,华东,30650.58650388419,50625.24919243145,54,75.59943127171101,-19974.66268854726
2023-11-23,技术部,华中,30573.818419045758,19324.67085745727,48,59.5509924451654,11249.147561588488
2023-05-22,技术部,华西,44963.229510648074,30242.19456672758,56,81.17415905491139,14721.034943920495
2023-09-24,市场部,华东,75035.32287934089,44122.205554154294,54,77.91215911389253,30913.1173251866
2023-09-06,市场部,华东,46106.12972954593,29203.586087542848,53,77.13316080800398,16902.543642003082
2023-11-17,销售部,华南,27452.855703228408,34523.717962497336,44,99.12122577124963,-7070.862259268928
2023-05-03,市场部,华东,46313.85403871084,19376.064718531205,41,84.71563511859371,26937.789320179632
2023-05-21,技术部,华西,45909.146453784946,34283.070972076486,58,86.47516086520476,11626.07548170846
2023-08-14,市场部,华北,9546.700355876426,28128.557349954513,55,42.71592869685401,-18581.856994078087
2023-02-09,市场部,华中,49185.577002232814,39857.299956798626,49,92.13621394682824,9328.277045434188
2023-05-27,财务部,华西,46535.98204686983,41873.86051564751,46,70.95641419091608,4662.121531222321
2023-05-01,市场部,华西,60443.095472201276,55895.63642018614,45,87.7081574054565,4547.459052015132
2023-05-20,销售部,华中,77734.34142418018,35796.33173213575,53,73.18531991357116,41938.00969204443
2023-06-21,市场部,华中,66898.47544321636,33257.96316582167,51,56.21981565853393,33640.51227739469
2023-06-13,人事部,华东,45966.669641677545,31943.84301577336,46,75.69278851429016,14022.826625904185
2023-10-04,人事部,华西,33402.11136887495,26468.33707189312,70,69.49115147669498,6933.774296981828
2023-02-11,财务部,华东,88600.3970487479,33384.83843461691,60,74.48447052030131,55215.55861413098
2023-03-12,财务部,华南,50888.27651021732,27045.985898609706,51,82.75974652328473,23842.290611607616
2023-03-19,人事部,华东,50208.939378694195,31684.609762696142,37,92.47436639832482,18524.329615998053
2023-04-29,财务部,华南,49638.12369334995,43175.975356079594,52,68.27406145865183,6462.148337270359
2023-07-16,财务部,华北,52971.271411517824,19934.57434720359,62,91.32159418511083,33036.697064314234
2023-12-22,技术部,华西,47834.593821140865,41398.785611290456,41,96.8522779627201,6435.808209850409
2023-03-20,技术部,华南,41395.069896796456,43171.15067339865,45,57.70958670980841,-1776.0807766021971
2023-12-28,市场部,华北,41797.115881394115,28819.314730089212,54,67.11214254841167,12977.801151304902
2023-04-20,人事部,华中,49508.70094676002,8781.451009914053,57,86.93995247053068,40727.24993684597
2023-02-02,销售部,华东,41848.62843299352,23921.780129055674,46,82.18241044567809,17926.848303937848
2023-08-01,人事部,华北,39307.313259842536,42969.94546561109,45,89.47969947683936,-3662.632205768554
2023-07-28,人事部,华南,51596.453415378455,29771.31937701118,53,71.24483778166292,21825.134038367276
2023-06-19,技术部,华西,46175.34173868717,20006.97767705089,52,88.01699477241384,26168.364061636283
2023-10-05,技术部,华中,72559.89482874033,24952.250787717825,55,89.21170430274378,47607.644041022504
2023-08-27,财务部,华中,10235.45287410482,38406.20026504553,53,71.56888153225572,-28170.747390940713
2023-08-01,销售部,华北,66372.60277883692,35467.33568201379,47,92.96850934219752,30905.267096823132
2023-02-01,技术部,华北,68691.27788746444,27610.679008303057,39,71.24219176794664,41080.598879161385
2023-04-16,财务部,华东,18899.146513877757,26331.755881853125,62,94.32921908111057,-7432.6093679753685
2023-08-04,销售部,华中,44859.68608879477,26082.41850956178,39,87.66927357916536,18777.26757923299
2023-07-19,技术部,华中,44428.38701006313,20775.898155014977,55,95.75562147421853,23652.488855048156
2023-10-27,人事部,华东,28887.32457923268,46153.756894694416,40,88.52471806986118,-17266.432315461734
2023-12-23,人事部,华西,38332.74968613687,26776.7953078866,55,65.54495727879693,11555.95437825027
2023-01-11,销售部,华东,33341.36231801257,42171.58520825497,45,98.20887826868501,-8830.222890242396
2023-10-22,销售部,华南,76284.05665135435,45213.16051922451,51,87.14248452106997,31070.896132129834
2023-07-14,技术部,华南,64035.17589721191,39983.1089814796,67,93.66529276343383,24052.066915732314
2023-09-02,技术部,华北,69073.32642491237,25683.796872819516,50,58.11439332046782,43389.52955209286
2023-01-04,销售部,华东,60825.08096064853,34037.30090336609,51,62.22871188336653,26787.780057282434
2023-06-30,销售部,华东,33064.22343174156,29758.04393609084,52,87.33008697727075,3306.1794956507183
2023-06-02,财务部,华北,42132.196005803395,20962.98139269872,44,51.14044923998983,21169.214613104676
2023-07-19,财务部,华西,57340.61841841877,33243.59281721603,46,87.3311937603552,24097.025601202746
2023-08-03,财务部,华东,31668.082866620818,18209.602088401974,49,71.65735643288585,13458.480778218844
2023-10-03,人事部,华中,60694.97645258582,41876.79388461564,52,89.84907857381799,18818.18256797018
2023-10-07,人事部,华东,46395.119027627974,25353.82702701607,46,83.17548712703908,21041.292000611906
2023-11-05,财务部,华西,44377.68788675604,32011.596558728394,48,86.06736792531437,12366.091328027644
2023-04-23,财务部,华东,60664.39952305237,32832.87871546142,54,58.1909681526575,27831.520807590954
2023-09-07,销售部,华中,56663.9496722906,27410.950262959228,41,96.86660725053157,29252.99940933137
2023-04-23,人事部,华南,44585.507512713804,35866.93801475275,41,97.31582135599025,8718.569497961056
2023-05-20,财务部,华南,67389.94705046373,25250.963433774756,54,79.4920799621483,42138.98361668897
2023-08-12,市场部,华西,33784.05008600154,38712.97297457244,50,87.65685840921842,-4928.922888570902
2023-09-06,技术部,华西,59239.034104163955,16540.203197532515,52,68.142812566481,42698.83090663144
2023-01-15,财务部,华中,58896.51886952575,31263.795795464117,49,83.11003245405223,27632.723074061636
2023-07-19,人事部,华南,45356.803410290144,49389.28999058285,58,78.03497731303591,-4032.486580292709
2023-06-22,财务部,华南,54891.99533363177,19996.686753944254,40,56.798595281676455,34895.30857968752
2023-12-09,市场部,华南,31233.296354220456,23222.550294751483,52,79.96029221718176,8010.746059468973
2023-12-14,销售部,华南,63860.40528810352,35139.07849658915,38,81.74208533597171,28721.326791514366
2023-07-27,人事部,华中,47226.46795335517,31795.81781939598,39,72.42448296429643,15430.650133959189
2023-03-26,销售部,华西,42159.154692214404,33506.30099273559,51,81.05229302444047,8652.853699478816
2023-08-28,技术部,华西,65735.13838755334,34891.87130147663,53,94.1479754818293,30843.267086076703
2023-03-07,销售部,华北,39434.84464185861,36347.2146856177,54,91.29985275219981,3087.6299562409113
2023-11-15,财务部,华西,28873.080554546606,41096.99841956223,46,73.57130173286876,-12223.917865015625
2023-10-01,市场部,华南,26650.562397141442,34098.18656928513,52,78.03572319583115,-7447.624172143685
2023-01-14,销售部,华东,59090.14927018459,27587.423453814576,47,85.29410917690679,31502.725816370017
2023-07-21,市场部,华南,30793.559712555754,36725.73701202731,49,90.32862787815763,-5932.1772994715575
2023-10-31,人事部,华南,76321.91272976546,48998.81934895215,54,86.77722242455441,27323.093380813312
2023-10-16,人事部,华西,18771.058881744168,28673.662536174263,47,86.509666594539,-9902.603654430095
2023-12-06,财务部,华北,75446.84552435057,20254.706953293586,54,72.0996538051207,55192.13857105699
2023-01-14,财务部,华中,53165.26200803927,41070.80669286973,54,91.40247208863265,12094.455315169544
2023-02-12,财务部,华东,48549.30332194411,28796.188360464017,56,99.07237882755452,19753.114961480096
2023-11-26,市场部,华东,41826.21369786575,8273.304539859637,48,86.2767513654542,33552.909158006114
2023-08-08,技术部,华北,55987.04171528106,38474.216771504216,44,78.91696211610932,17512.824943776846
2023-03-11,技术部,华南,49435.47946362727,24646.718140460773,47,58.70154899787078,24788.7613231665
2023-08-25,技术部,华中,66549.52823024782,29094.66717695839,47,83.42734644851251,37454.86105328942
2023-04-04,人事部,华中,51713.41472993059,33319.80330569015,42,58.11277800131317,18393.611424240444
2023-01-26,人事部,华中,52254.52642192817,31904.996797790664,47,83.52235112685608,20349.529624137504
2023-05-14,技术部,华西,44545.81681679216,37094.518171390395,40,59.363454054265155,7451.298645401766
2023-07-14,财务部,华南,49145.81564418399,25645.136294301567,48,92.93517263582366,23500.679349882423
2023-06-17,销售部,华东,54617.026533380886,35131.05798176082,53,61.90548915919614,19485.968551620062
2023-04-19,技术部,华东,24347.474110150615,27404.533224160827,53,83.22842037112119,-3057.0591140102115
2023-08-21,销售部,华南,29777.218668414305,37388.10480887503,41,85.73960878676004,-7610.886140460727
2023-06-17,技术部,华东,61148.96141034072,36153.67484013054,52,58.342773069937714,24995.286570210184
2023-06-22,销售部,华西,52562.981571919125,20645.612979554047,48,77.14617655629363,31917.368592365077
2023-07-14,财务部,华中,47240.24995470981,40859.821161750326,41,98.18480267076272,6380.428792959487
2023-05-23,人事部,华东,50276.5089959809,24640.365548859518,42,56.867183258644516,25636.14344712138
2023-08-04,技术部,华西,55213.72558042507,38080.577982811454,43,68.7295410015355,17133.147597613613
2023-05-10,技术部,华中,41903.60479535958,33672.8731340134,51,79.8845316193628,8230.731661346173
2023-02-11,财务部,华南,38325.42911896531,48381.83676795123,59,74.40661682186648,-10056.407648985922
2023-08-29,市场部,华南,52937.67882646522,27765.34017628148,47,95.53563522733783,25172.33865018374
2023-01-10,技术部,华西,35324.40833577452,26506.832038818025,51,89.04091782375043,8817.576296956493
2023-10-04,销售部,华西,56123.79133571708,29805.803941122675,51,83.11870904252571,26317.987394594402
2023-01-27,财务部,华西,24461.245936432395,26968.202171657245,48,52.70903212367519,-2506.9562352248504
2023-06-29,市场部,华东,65437.33455988466,37999.4190194205,41,81.52501818037575,27437.915540464157
2023-04-25,技术部,华南,57088.96223619564,13836.89391563412,49,87.78880469735896,43252.06832056152
2023-11-29,技术部,华东,53840.44601470813,19463.17580853646,56,81.09526465444341,34377.27020617167
2023-02-05,人事部,华东,64740.36475918271,19321.970784208068,58,69.46700951780578,45418.39397497464
2023-11-30,市场部,华中,74982.11666693864,39503.075919735755,49,80.73885497058593,35479.04074720289
2023-01-21,财务部,华西,65215.55097527196,47106.13372581925,72,80.08241975828764,18109.41724945271
2023-01-16,销售部,华东,22386.88653002532,28955.507814625285,55,66.62512394075418,-6568.621284599965
2023-05-07,技术部,华中,30806.345498964478,28311.782768099893,48,90.49799839405568,2494.5627308645853
2023-04-13,财务部,华北,40627.72133456482,30700.521631131815,52,72.24430038490796,9927.199703433005
2023-01-11,人事部,华中,50391.36575316251,41618.7830260819,54,83.27180918668964,8772.582727080604
2023-11-15,技术部,华北,57764.88530703685,20726.468658094258,38,67.61459258564005,37038.41664894259
2023-03-20,市场部,华北,39113.84280269802,32383.68982734785,45,94.11593437353135,6730.152975350167
2023-05-03,财务部,华北,52801.50146715617,39751.976297824294,49,67.46887823029198,13049.525169331879
2023-03-06,销售部,华北,38669.256014700164,35010.94169939845,47,62.708530708939136,3658.3143153017154
2023-08-31,人事部,华西,40827.23295512078,31895.816165987435,52,73.39955318101718,8931.416789133345
2023-12-09,财务部,华东,28900.083547276667,40010.46092567141,47,67.74553759939319,-11110.377378394744
2023-02-28,技术部,华东,36151.50130833643,2967.6770700076268,49,93.10227314264593,33183.8242383288
2023-10-16,销售部,华北,29724.730915754997,36778.75319530908,57,68.98180953081828,-7054.022279554083
2023-04-22,技术部,华东,35361.90120534001,23459.243168725763,52,97.01547391448646,11902.658036614244
2023-08-27,技术部,华北,65804.62694911759,11693.671031435431,57,77.48998853810811,54110.955917682164
2023-12-25,市场部,华东,35759.01666752085,35112.02599524981,58,87.79969160765678,646.9906722710439
2023-05-12,市场部,华中,89485.73097256086,43736.58545162958,56,72.87966486532875,45749.145520931284
2023-07-08,技术部,华西,57399.76851321334,28625.51485372308,48,92.69167877317751,28774.25365949026
2023-03-27,人事部,华南,52772.54185542311,39528.74547202939,51,86.41636931984057,13243.796383393717
2023-11-07,市场部,华北,37124.6332972818,46122.78257988645,44,72.61206674206852,-8998.149282604652
2023-11-07,市场部,华中,60504.64819113487,43149.144535840474,51,96.23304893146368,17355.503655294393
2023-02-28,市场部,华中,41365.43260643339,46399.645293713926,36,74.57954904273765,-5034.212687280538
2023-03-25,市场部,华西,51830.147219680424,37421.27491071892,56,74.96638759029557,14408.872308961501
2023-06-09,销售部,华西,88401.26807403192,30754.336389015927,44,85.7233300352959,57646.931685015996
2023-02-25,技术部,华北,48559.10150413025,13980.341881028315,38,75.68048310827763,34578.75962310194
2023-10-24,销售部,华北,67239.09989428514,27539.375118700515,42,59.10771497126167,39699.72477558463
2023-01-14,财务部,华中,39452.35362311169,21567.534046838082,43,97.17961204656648,17884.819576273607
2023-06-09,财务部,华中,49475.17264254557,51709.42717497813,34,66.83934519285648,-2234.254532432562
2023-10-22,财务部,华西,76562.00953453264,28241.141875676632,50,63.729344194943636,48320.867658856005
2023-12-13,销售部,华北,40595.494133183485,31232.04806784486,47,88.47468793108915,9363.446065338627
2023-07-12,技术部,华北,77186.72836995393,35514.85376040467,41,82.6292060579221,41671.87460954925
2023-07-23,财务部,华中,60616.279031832135,30436.024463724538,36,80.39851879651151,30180.254568107597
2023-04-12,市场部,华南,41562.99836158598,46950.510404307526,51,85.4469865797008,-5387.512042721544
2023-02-08,财务部,华中,59486.116085832815,23773.50638265548,60,92.75673681458498,35712.60970317734
2023-10-31,人事部,华南,64588.316744400945,31946.074552372425,68,86.95524245902696,32642.24219202852
2023-12-20,市场部,华北,59327.149433257946,22575.294143019517,39,54.20305118136495,36751.855290238425
2023-11-18,市场部,华中,26446.629201643154,16799.77488779294,43,50.65968977694067,9646.854313850214
2023-05-05,市场部,华西,39092.94236262697,23882.309090947147,53,91.25863193380668,15210.633271679824
2023-02-22,财务部,华东,46287.22046672743,29629.63202951588,46,99.56176328997371,16657.588437211547
2023-12-23,市场部,华北,48883.498563499306,25706.9777548274,42,88.81337579599446,23176.520808671907
2023-06-04,人事部,华北,59310.08146326017,23075.79020126144,40,76.17083011126373,36234.29126199873
2023-12-17,销售部,华中,52665.51501399881,15936.825363281661,44,82.6596451757526,36728.68965071715
2023-11-04,人事部,华东,29969.83461934848,29168.944273713052,66,78.54842832709733,800.8903456354274
2023-03-03,技术部,华东,55702.967765089445,14952.796259689978,47,85.06553107809583,40750.17150539947
2023-10-17,市场部,华东,59158.786179257346,37600.559636896025,37,85.98069615233788,21558.22654236132
2023-01-22,人事部,华中,58396.856718965595,30824.39752934503,54,80.57885793627035,27572.459189620564
2023-06-27,财务部,华中,66211.71088331932,15424.485005350694,48,80.33414162474996,50787.22587796862
2023-09-30,技术部,华南,62508.83231823356,26907.909229501365,48,90.83005907633022,35600.92308873219
2023-08-08,人事部,华南,56887.70118842655,22478.43594409417,46,74.98427945241623,34409.26524433238
2023-12-05,市场部,华南,48947.51432812029,33191.7451041918,52,75.0201858416419,15755.769223928488
2023-07-09,财务部,华西,25085.58599726013,43404.504460231445,46,88.53414787068586,-18318.918462971316
2023-02-05,市场部,华北,56444.273286988784,11248.275303542556,44,92.45551023567717,45195.99798344623
2023-09-17,技术部,华南,53115.31530744667,31150.26079147417,42,90.43369203601547,21965.054515972497
2023-11-28,人事部,华西,54073.6825579306,28398.672044333594,54,85.70583181316776,25675.010513597008
2023-06-24,市场部,华西,30848.77136269536,36713.40076450466,49,87.50205290751526,-5864.629401809299
2023-01-07,技术部,华中,33784.151893876064,32131.966282376892,37,72.76673209845814,1652.1856114991715
2023-08-04,财务部,华东,65797.29279999355,22480.30668261181,47,62.997474226768055,43316.98611738174
2023-09-08,人事部,华东,49406.672692150176,26809.46064333382,59,49.65547126806556,22597.212048816356
2023-02-24,人事部,华南,60222.510460589365,22039.74143196511,44,89.64567228468292,38182.76902862426
2023-08-10,技术部,华北,50424.77564195692,40760.07138598598,48,82.62211365696712,9664.704255970937
2023-07-05,人事部,华北,50446.34209243618,30213.116486719424,42,76.04897874881821,20233.225605716754
2023-11-22,财务部,华北,64074.25708963996,49011.90685753008,46,87.61593864422093,15062.350232109886
2023-08-24,财务部,华西,42259.32907673939,29393.391861853794,48,68.63440117515964,12865.937214885598
2023-12-29,人事部,华西,51441.811654114754,22915.93233089537,59,92.37353616576391,28525.879323219382
2023-03-20,市场部,华西,43065.87066942436,14862.856073871728,54,36.48734437119934,28203.01459555263
2023-08-11,市场部,华中,43482.55658851527,11968.603237440548,48,73.2364652884103,31513.95335107472
2023-04-01,财务部,华西,45362.41814797041,14158.640569945102,48,97.89498954077378,31203.77757802531
2023-09-25,市场部,华北,53332.00657450569,32671.266510114834,54,64.72210962635978,20660.74006439086
2023-11-30,技术部,华北,42818.77067504784,35087.25023229934,41,97.89525810924403,7731.5204427485005
2023-05-19,销售部,华东,68836.34188360281,14188.092979678666,43,61.35114332289696,54648.24890392415
2023-11-12,人事部,华北,36580.89046670744,38950.38314076116,54,69.6356104577269,-2369.4926740537194
2023-10-03,技术部,华西,47196.92533757961,25169.389483165607,48,73.90476970385042,22027.535854414004
2023-09-05,财务部,华西,43404.034125887374,31467.930119855493,52,91.45950002078874,11936.104006031881
2023-08-27,销售部,华南,71704.668265306,46122.206282554245,42,75.8413792024392,25582.461982751753
2023-08-12,财务部,华中,52948.32164767362,38968.39315865532,51,57.30873257749201,13979.928489018297
2023-10-31,销售部,华北,65477.66809202952,27314.693520941677,43,94.73161283451802,38162.97457108784
2023-05-18,技术部,华中,27716.59440444542,21088.077745847128,56,87.3964027515327,6628.5166585982915
2023-06-15,销售部,华北,54005.75398803888,8481.84598670695,45,85.64442091052507,45523.90800133193
2023-05-06,市场部,华东,63344.46193435155,22808.466807575798,51,85.12288045633683,40535.99512677576
2023-02-14,技术部,华东,51234.259839131366,27888.697611723055,55,94.11228948177198,23345.56222740831
2023-05-23,人事部,华中,65982.20562598026,20128.204728488163,50,42.35886752274578,45854.0008974921
2023-08-19,财务部,华西,42240.673248494415,28687.430329076953,45,83.11689658569614,13553.242919417462
2023-05-05,市场部,华南,71140.2116027837,30768.518829587683,52,94.08172384346199,40371.69277319602
2023-08-26,人事部,华北,84483.47185428876,27751.440181919214,45,76.80238006592472,56732.03167236954
2023-10-19,销售部,华北,44557.42159340512,23499.974191765403,50,72.24977646038563,21057.447401639714
2023-11-09,市场部,华南,43317.462178988426,31686.546719667276,55,82.53172870945653,11630.91545932115
2023-12-09,人事部,华中,71800.7671567655,34419.40649569409,42,56.19240380870508,37381.36066107141
2023-07-14,技术部,华中,73693.58218596068,19096.00922557154,39,70.70364472692252,54597.57296038914
2023-06-22,销售部,华北,42157.09959270098,44109.3237974627,51,96.13209633874243,-1952.2242047617183
2023-01-15,人事部,华东,43697.19774356214,29014.11867715738,50,85.09122390695528,14683.079066404756
2023-09-11,销售部,华南,45773.230867092396,30188.496229448476,43,60.96575234670701,15584.73463764392
2023-06-16,人事部,华北,29833.242334485843,37082.14423256557,59,66.10900531533137,-7248.90189807973
2023-04-04,财务部,华东,36220.22080273703,32332.161312635017,60,87.66663083903458,3888.059490102012
2023-09-07,技术部,华中,34937.88849871898,39531.36633913245,57,93.06981482124691,-4593.47784041347
2023-04-19,市场部,华东,38483.03652343807,32871.241652018245,51,76.74239032218216,5611.794871419828
2023-07-01,人事部,华西,49479.72668919828,23875.62625359562,45,85.65996152489251,25604.10043560266
2023-05-13,销售部,华北,53513.22098804781,33615.03525206102,44,88.50309123825006,19898.185735986794
2023-06-24,技术部,华南,73257.50739221115,18562.737926793383,51,94.76867635409596,54694.76946541776
2023-05-24,市场部,华东,35024.68938891814,31085.597057765233,48,80.54033409623985,3939.092331152904
2023-11-02,销售部,华中,64764.83597714876,29667.70009355539,38,97.70471145908716,35097.135883593364
2023-12-26,技术部,华东,46790.16733661736,27918.831427274603,42,90.90010578855724,18871.33590934276
2023-05-22,销售部,华中,49258.044355213504,28714.624885610694,43,60.660965700162286,20543.41946960281
2023-10-12,技术部,华西,60122.29238249906,11181.509545023608,48,86.35027071184899,48940.782837475446
2023-01-06,市场部,华中,33159.16967656552,24512.750922590385,54,91.5371062378649,8646.418753975136
2023-09-22,市场部,华南,55736.14619276076,30928.449011411147,63,85.46063870892972,24807.697181349613
2023-04-08,销售部,华西,52496.78312319584,31598.563919974004,42,76.64161889754071,20898.219203221837
2023-02-13,技术部,华东,57386.76896012224,19723.24859074042,49,47.56311098855631,37663.52036938182
2023-05-04,人事部,华北,54337.52965861727,42657.07840864701,53,76.80193939962102,11680.451249970261
2023-07-28,市场部,华中,86829.50209866342,21338.25151785499,55,77.53684274207082,65491.250580808424
2023-09-08,人事部,华南,40433.900236230256,39694.57200526737,60,85.36960061328924,739.3282309628848
2023-10-12,人事部,华北,42035.04567497274,34271.94361871685,44,76.95510351386481,7763.1020562558915
2023-05-04,财务部,华北,40652.89210362853,23537.726901561968,45,88.56986309250286,17115.165202066564
2023-12-20,销售部,华西,41667.843212596184,47753.10892609512,41,53.661517964908,-6085.265713498935
2023-09-01,销售部,华东,40439.19309040223,18063.6316824352,50,97.78090473336174,22375.56140796703
2023-11-27,销售部,华北,67835.24796661327,39191.541736100015,44,89.41060443554665,28643.706230513257
2023-12-31,技术部,华南,71307.56371984782,40005.82318042978,56,96.0656877806067,31301.74053941804
2023-09-09,市场部,华中,41438.805593757854,23293.79790923355,48,76.88854992988516,18145.007684524302
2023-08-18,市场部,华中,37514.66640343657,43924.65300064329,64,88.51315235559511,-6409.98659720672
2023-01-09,财务部,华中,57071.23334579606,27499.53485401047,56,84.9393910715584,29571.69849178559
2023-02-17,财务部,华西,41716.65433578543,32886.93629279857,48,76.95606715147491,8829.71804298686
2023-05-31,财务部,华南,59493.97726633266,32603.218387712208,54,71.59903652481111,26890.75887862045
2023-04-24,人事部,华北,53043.845312769496,28656.91258529452,51,76.02768259552097,24386.932727474974
2023-07-27,销售部,华南,27263.838275041522,38108.082731597824,50,79.5621730214221,-10844.244456556302
2023-12-21,技术部,华西,73212.57801995092,37934.88720552213,48,72.09910781865733,35277.69081442879
2023-05-05,市场部,华西,76938.16509643283,12514.68026761819,55,98.44096660719552,64423.48482881464
2023-06-06,技术部,华东,40808.16964273421,43043.40242878153,48,88.03543879492737,-2235.232786047316
2023-12-06,销售部,华南,44184.47660096024,13375.080119643259,43,41.97309647351232,30809.39648131698
2023-10-25,销售部,华中,54287.98086087358,40325.46204341657,61,74.37385968636008,13962.518817457007
2023-07-08,市场部,华西,55016.851849805375,41267.05136827583,58,82.1887421614071,13749.800481529543
2023-08-31,人事部,华西,59878.164090092454,19090.335697848015,67,77.3856732407411,40787.82839224444
2023-10-11,财务部,华东,80153.06808149524,25891.85712045415,47,78.3967403522704,54261.210961041084
2023-09-29,人事部,华中,47345.79158758926,18942.953315140643,50,59.83760031630108,28402.838272448615
2023-06-26,销售部,华西,38025.541331923196,27850.789697112647,44,85.33708219089739,10174.75163481055
2023-08-06,销售部,华北,29310.21157978209,26919.65715814259,46,85.65777823249638,2390.554421639503
2023-10-09,人事部,华中,39036.04940087121,37796.6053226934,59,69.12723137759335,1239.4440781778103
2023-06-19,财务部,华南,49503.095406893044,43103.08746119608,41,88.20032332463691,6400.0079456969615
2023-06-30,财务部,华东,76918.36795276681,43956.83810789956,65,78.69240562033163,32961.529844867255
2023-12-26,销售部,华北,42235.830514457426,24378.31973421698,46,91.61458391964801,17857.510780240445
2023-08-21,财务部,华北,53356.819274583475,27907.781262554723,53,57.131252455743464,25449.038012028752
2023-05-19,财务部,华南,49753.65655890872,13165.6180777905,40,97.06797023433215,36588.038481118216
2023-06-06,市场部,华东,67825.89910172127,21941.29933503811,46,65.18585205999113,45884.59976668315
2023-05-09,市场部,华西,87903.98638810433,39648.51633097458,55,73.79763200619067,48255.47005712975
2023-04-29,技术部,华东,42036.96840619519,46155.82823548232,65,71.28596558525575,-4118.859829287125
2023-03-03,人事部,华西,42658.40836222667,17656.51128120078,59,69.49097003657018,25001.89708102589
2023-04-09,销售部,华南,65662.41315603608,24075.357408471056,54,82.60715161374074,41587.05574756503
2023-06-11,财务部,华南,60228.37234439467,29735.94243041073,54,40.18691670391275,30492.429913983942
2023-03-03,技术部,华北,77700.6098860405,32801.611588196065,59,91.47602607726553,44898.99829784444
2023-10-02,市场部,华北,58758.92277988946,21903.96480078354,35,86.77992023426377,36854.95797910592
2023-12-20,财务部,华北,44610.61863819411,34240.6104446409,49,65.42232440425627,10370.008193553207
2023-04-05,人事部,华南,58859.82246038464,25261.60652929084,47,65.6515530927274,33598.2159310938
2023-04-09,市场部,华西,66630.55370874362,29855.47729121721,58,82.40075967076616,36775.07641752642
2023-04-21,销售部,华南,62307.23271796046,35462.842480037,43,89.50189833841645,26844.390237923464
2023-09-05,财务部,华南,57609.11046660947,30064.222698109377,50,76.41876911692577,27544.88776850009
2023-05-22,技术部,华北,66000.1203438373,25636.141094734314,49,67.09669524438443,40363.979249102995
2023-10-29,销售部,华东,67539.4338566851,28903.901960741692,58,96.24367024139119,38635.5318959434
2023-09-26,财务部,华北,70732.38486556291,29116.370407946648,54,58.330436618042626,41616.014457616264
2023-11-02,财务部,华东,59730.64831384464,26299.889701178723,47,84.2692941045073,33430.758612665915
2023-05-25,财务部,华西,47493.22879524718,27412.039373328975,55,80.2376190176421,20081.189421918207
2023-02-21,财务部,华西,52200.705296499844,45986.471705047166,48,97.05052843774075,6214.2335914526775
2023-04-10,财务部,华中,68097.63449762535,35609.194479412385,54,79.37500663919974,32488.44001821296
2023-06-01,销售部,华中,37745.964935191456,27045.196819708395,45,94.31936875987455,10700.76811548306
2023-04-27,人事部,华中,55530.099633093516,36969.54404510736,64,91.6646079690055,18560.555587986157
2023-07-04,人事部,华西,44099.91781508959,26661.8051024399,56,67.17231110949945,17438.11271264969
2023-04-02,销售部,华北,50431.17234402226,41731.24637586641,41,79.94837203943275,8699.925968155854
2023-06-04,人事部,华北,69176.77793910948,33696.42192198094,47,74.75584287506483,35480.35601712854
2023-01-08,技术部,华北,52866.48602029855,28926.97855995771,47,83.82895424697064,23939.50746034084
2023-12-29,技术部,华南,50696.54822234223,34477.169258102775,49,73.22993805473824,16219.378964239455
2023-10-01,销售部,华中,29602.15788530121,14291.238479315007,50,60.59080143383321,15310.919405986204
2023-03-06,技术部,华北,61193.80349040831,18732.32531090195,44,96.25250024653685,42461.47817950636
2023-05-21,销售部,华中,59682.26271711613,18060.749936009444,53,78.38595663178658,41621.512781106685
2023-01-24,技术部,华中,82448.8208495819,31429.43094763707,48,93.19393126601308,51019.38990194483
2023-01-28,市场部,华南,45383.32647570499,47325.149994850915,56,67.24032000346145,-1941.8235191459244
2023-10-11,销售部,华西,53287.254914959085,52313.001461926324,57,93.0249661586478,974.2534530327612
2023-05-30,财务部,华北,53740.75525566133,36380.51101440757,48,84.12412324623722,17360.244241253757
2023-12-24,技术部,华南,73661.79919645212,35008.44474944457,45,79.18997965175545,38653.35444700755
2023-03-06,市场部,华西,48570.567014195716,11989.42265847261,50,86.58444296452306,36581.14435572311
2023-11-23,销售部,华西,54185.32288655509,24573.262002659783,49,73.6929364566441,29612.06088389531
2023-09-09,技术部,华北,59118.44764574809,22122.16248091761,47,94.19288737073204,36996.28516483048
2023-02-22,财务部,华中,52799.13684734537,23791.52401748884,43,87.31733213063339,29007.61282985653
2023-01-07,技术部,华东,43303.49578174208,28318.561814152104,44,74.11144545967207,14984.933967589976
2023-10-21,市场部,华中,52911.34989347462,25279.094223028726,55,81.54960439031814,27632.25567044589
2023-05-26,人事部,华中,66104.47624789659,10207.001896242124,40,82.26440475111289,55897.47435165446
2023-08-29,人事部,华东,34602.270508834095,37479.102561175336,48,79.92893325411792,-2876.8320523412403
2023-09-03,市场部,华西,51994.54511220314,19272.569742601932,50,96.59120654051378,32721.975369601205
2023-08-14,市场部,华东,39498.1877759124,32392.468641111496,47,94.12923665805549,7105.719134800907
2023-06-24,销售部,华东,67925.69943387264,50740.82669749974,55,95.82282670929503,17184.872736372898
2023-04-05,人事部,华南,27152.19642824338,20806.154084135764,44,86.67408273277302,6346.042344107616
2023-01-27,销售部,华南,41616.17229092617,4697.124772536703,43,78.36185596179617,36919.047518389474
2023-05-10,技术部,华南,55658.17812596781,27139.957781198893,48,64.00260654354564,28518.220344768917
2023-09-02,市场部,华西,73482.86043851511,41009.59634998571,47,72.49826020020372,32473.264088529402
2023-02-28,销售部,华东,49013.746083905186,49583.474542205935,54,82.80802982907251,-569.7284583007495
2023-02-03,市场部,华北,41672.00709960202,17704.50405547583,56,87.90767565941377,23967.50304412619
2023-07-25,销售部,华东,78217.35604160884,34966.99223236521,59,75.65733324739483,43250.36380924363
2023-09-09,技术部,华西,28279.79149375634,25346.895432199468,54,89.17311101869718,2932.896061556872
2023-02-07,技术部,华南,17017.910650698774,28940.516456958645,44,79.84810370819821,-11922.605806259871
2023-10-23,财务部,华西,56600.216750799984,56443.43347017035,46,78.27377610516136,156.78328062963556
2023-11-19,人事部,华南,42469.18663471083,14970.296716048468,44,67.61958860859491,27498.88991866236
2023-12-18,财务部,华西,34681.5077430393,32537.396614945734,37,93.15686250334652,2144.1111280935656
2023-01-28,人事部,华北,60625.3467094903,34676.93171765433,51,74.29735705438962,25948.41499183597
2023-03-19,技术部,华南,53657.010706567984,40857.86324939347,48,83.84227600736332,12799.147457174513
2023-03-18,销售部,华南,41538.820538949076,30979.831534708956,59,66.11822556671547,10558.98900424012
2023-10-16,市场部,华东,30795.434019936583,33080.50539504102,50,80.46716374627309,-2285.0713751044386
2023-06-05,技术部,华西,63086.859924202174,26083.51432578209,40,64.07382112427457,37003.345598420085
2023-02-13,技术部,华中,59753.017669379915,32691.269412451074,36,91.66037336643225,27061.74825692884
2023-05-08,销售部,华中,48512.36204330926,26568.077245025896,46,89.76573547756738,21944.284798283363
2023-03-02,技术部,华东,77699.554940715,36215.71889856051,42,67.94790964324307,41483.836042154486
2023-10-13,技术部,华西,33948.72850510771,26303.89663956366,40,68.50086836235526,7644.831865544053
2023-08-02,销售部,华北,27117.122436128917,33771.003939021866,40,99.79719018704766,-6653.881502892949
2023-11-07,技术部,华东,39621.378951781335,29707.371863150216,61,76.70314348226479,9914.007088631119
2023-11-02,人事部,华南,49316.209754667536,41260.502507721685,57,87.9059827890779,8055.707246945851
2023-11-13,人事部,华北,53650.091739840376,29486.062764115137,38,90.74089893007357,24164.02897572524
2023-04-26,人事部,华西,46381.459132155054,12269.675317931185,44,71.98505469907104,34111.78381422387
2023-09-25,人事部,华南,55280.83094771445,42619.215007139916,42,95.04254476637065,12661.615940574535
2023-07-14,技术部,华中,31226.90863714334,20942.67699137381,61,72.78950414873904,10284.23164576953
2023-08-19,市场部,华西,71656.46906109889,23462.3366135118,60,82.44826321435548,48194.13244758709
2023-08-15,人事部,华南,48767.732324111465,24043.38705956508,45,81.59045374693355,24724.345264546384
2023-06-02,人事部,华西,66759.43747382192,43744.380931708176,47,75.70268511636552,23015.056542113743
2023-10-29,技术部,华南,55140.88019566556,8643.257860213045,51,95.63821368630562,46497.622335452514
2023-08-08,财务部,华西,56851.29828730676,61377.48533659994,54,60.51117301111422,-4526.187049293178
2023-06-06,技术部,华中,58546.50920348306,40560.56809066052,46,80.01621847234203,17985.94111282254
2023-10-19,销售部,华东,56715.628400259724,32232.3891412916,57,96.44027359041326,24483.239258968126
2023-11-14,人事部,华南,59640.84139801316,29451.059993837138,53,73.06721590340791,30189.78140417602
2023-01-31,销售部,华南,69937.28795198648,32855.54074857657,51,90.66376090725657,37081.74720340991
2023-11-09,人事部,华中,52947.817545522055,35211.22428379338,47,56.096434922480995,17736.593261728674
2023-02-20,财务部,华东,60635.05636382769,36452.15585950057,32,63.216683555072606,24182.900504327117
2023-04-17,市场部,华西,48653.964585691596,35556.04466003449,47,86.04664542203801,13097.919925657108
2023-11-17,财务部,华南,71601.75823174209,30895.806812552488,42,68.21889339545369,40705.9514191896
2023-04-19,技术部,华东,39854.115469110955,28026.61579692674,65,79.23335828232717,11827.499672184214
2023-05-16,技术部,华西,77014.10649366223,28487.267163464883,56,80.8621844097004,48526.83933019734
2023-12-05,销售部,华南,49397.63074033485,28050.91719647319,56,96.82605468684561,21346.713543861657
2023-02-11,销售部,华南,28538.373468229278,41337.700968670644,53,77.74718653797954,-12799.327500441366
2023-03-22,技术部,华西,51921.56622366184,35935.56722280862,53,80.7399339659195,15985.999000853219
2023-05-03,技术部,华中,39784.22513787678,596.1136533571989,37,89.10164328400016,39188.111484519584
2023-03-30,技术部,华东,62609.65323483086,36559.00776529761,46,76.41490862830729,26050.64546953325
2023-10-10,人事部,华南,40210.640310464136,31947.36194718775,47,86.95576858108893,8263.278363276386
2023-02-08,财务部,华西,43307.248501778304,29812.912435541024,52,96.98001377310912,13494.33606623728
2023-03-22,人事部,华南,21656.889035817036,26114.81546911114,47,68.01977830546406,-4457.926433294106
2023-01-02,市场部,华西,43215.405211263846,41241.12719986014,43,83.64716894373542,1974.2780114037087
2023-07-29,人事部,华南,13641.81010056565,39475.264621228576,46,70.87271502313318,-25833.454520662926
2023-08-19,技术部,华北,26241.45764771415,22271.223321763908,52,49.01812310423168,3970.2343259502413
2023-12-19,人事部,华中,61406.21984216446,34070.52287124535,47,75.91623114813038,27335.696970919103
2023-11-01,销售部,华东,61787.00237976248,20283.43265458714,43,93.09323028338412,41503.569725175345
2023-08-29,技术部,华中,56381.86342677447,16203.818352110695,57,84.77782796031907,40178.04507466378
2023-05-30,财务部,华中,35495.3578530618,23732.827754100348,40,59.35558513100923,11762.530098961455
2023-01-17,人事部,华东,49284.3296578703,38623.93472382759,47,92.31388104683289,10660.394934042713
2023-04-29,技术部,华中,49945.96191364148,39531.25045376087,46,94.85364276946562,10414.711459880607
2023-05-28,销售部,华北,32624.529662111858,35130.85420097293,52,75.75185065825293,-2506.3245388610703
2023-12-28,销售部,华西,72550.97452650726,37250.95786847997,48,61.532573777755076,35300.016658027285
2023-05-25,人事部,华东,63160.43435863507,35161.78287114958,41,73.1661271941507,27998.65148748549
2023-12-26,技术部,华西,46685.53739255504,23585.18404777048,40,89.9753423807785,23100.35334478456
2023-08-21,财务部,华南,50403.28758491796,34319.22544673941,63,73.27479107935929,16084.062138178553
2023-02-06,市场部,华北,53125.74211921329,38004.09525227682,70,88.764556833476,15121.64686693647
2023-12-18,销售部,华西,19373.97697363564,37542.91329813574,55,92.94300207196339,-18168.9363245001
2023-04-30,市场部,华西,46292.339262191046,41889.13371474643,60,89.32849753597378,4403.205547444617
2023-05-16,财务部,华东,39770.23628003302,37083.03847201064,51,84.63067177125183,2687.1978080223853
2023-11-17,人事部,华南,34975.69985157627,33514.48207541583,46,89.06296700294075,1461.2177761604398
2023-10-29,销售部,华东,45783.495606710676,40701.502383164276,56,59.46999713511304,5081.9932235464
2023-12-05,市场部,华南,76965.29790274284,29734.7874075094,66,60.656011339070304,47230.51049523344
2023-04-12,销售部,华东,59612.64291900515,21181.253487722825,52,77.25738352709416,38431.389431282325
2023-08-06,市场部,华西,41432.31515325805,28369.330360562362,34,82.7663815445563,13062.98479269569
2023-02-28,技术部,华西,58588.74172034238,22550.97355193551,49,83.23696700042676,36037.768168406874
